category,name,object,scene,x,y,schema,objectIndex,dropXp,size
crystals,XP crystal,OverworldDestroyable0,Overworld,144,20,CrystalDestroyable,51732,true,2
crystals,No-XP crystal,OverworldDestroyable1,Overworld,-1.04,57.05,CrystalDestroyable,51736,false,3
crystals,No-XP crystal,OverworldDestroyable2,Overworld,-3.53,56.27,CrystalDestroyable,51739,false,0
crystals,No-XP crystal,OverworldDestroyable3,Overworld,0.62,57.26,CrystalDestroyable,51742,false,1
crystals,No-XP crystal,OverworldDestroyable4,Overworld,1.5,54.77,CrystalDestroyable,51745,false,1
crystals,No-XP crystal,OverworldDestroyable5,Overworld,1.62,56.11,CrystalDestroyable,51748,false,2
crystals,No-XP crystal,OverworldDestroyable6,Overworld,-2.91,57.16,CrystalDestroyable,51751,false,2
crystals,No-XP crystal,OverworldDestroyable7,Overworld,-3.44,55.04,CrystalDestroyable,51754,false,0
crystals,No-XP crystal,OverworldDestroyable8,Overworld,-3.84,55.71,CrystalDestroyable,51757,false,1
crystals,No-XP crystal,OverworldDestroyable9,Overworld,-1.34,56.78,CrystalDestroyable,51760,false,3
crystals,No-XP crystal,OverworldDestroyable10,Overworld,0.61,56.3,CrystalDestroyable,51763,false,1
crystals,No-XP crystal,OverworldDestroyable11,Overworld,-2.65,55.73,CrystalDestroyable,51766,false,0
crystals,No-XP crystal,OverworldDestroyable12,Overworld,-3.25,54.45,CrystalDestroyable,51769,false,0
crystals,No-XP crystal,OverworldDestroyable13,Overworld,89.62,61.62,CrystalDestroyable,51772,false,0
crystals,No-XP crystal,OverworldDestroyable14,Overworld,88.4,60.2,CrystalDestroyable,51775,false,1
crystals,No-XP crystal,OverworldDestroyable15,Overworld,89,61.01,CrystalDestroyable,51778,false,2
crystals,No-XP crystal,OverworldDestroyable16,Overworld,89.84,60.45,CrystalDestroyable,51781,false,1
crystals,XP crystal,OverworldDestroyable17,Overworld,38,-26,CrystalDestroyable,51784,true,0
crystals,XP crystal,OverworldDestroyable18,Overworld,44,-26,CrystalDestroyable,51787,true,0
crystals,XP crystal,OverworldDestroyable19,Overworld,73,-26.01,CrystalDestroyable,51790,true,3
crystals,No-XP crystal,OverworldDestroyable20,Overworld,89.03,61.74,CrystalDestroyable,51793,false,0
crystals,No-XP crystal,OverworldDestroyable21,Overworld,89.74,61.31,CrystalDestroyable,51796,false,0
crystals,XP crystal,OverworldDestroyable22,Overworld,189.93,119.92,CrystalDestroyable,51799,true,2
crystals,No-XP crystal,OverworldDestroyable23,Overworld,88.3,61.08,CrystalDestroyable,51802,false,0
crystals,XP crystal,OverworldDestroyable24,Overworld,40,-28,CrystalDestroyable,51805,true,0
crystals,No-XP crystal,OverworldDestroyable25,Overworld,90.03,60.95,CrystalDestroyable,51808,false,0
crystals,XP crystal,OverworldDestroyable26,Overworld,42,-28,CrystalDestroyable,51811,true,0
crystals,XP crystal,OverworldDestroyable27,Overworld,-180,-98.09,CrystalDestroyable,51814,true,3
crystals,XP crystal,OverworldDestroyable28,Overworld,93.2,-32.82,CrystalDestroyable,51817,true,0
crystals,XP crystal,OverworldDestroyable29,Overworld,93.26,-31.49,CrystalDestroyable,51820,true,0
crystals,XP crystal,OverworldDestroyable30,Overworld,94.71,-31.5,CrystalDestroyable,51823,true,0
crystals,XP crystal,OverworldDestroyable31,Overworld,94.84,-32.85,CrystalDestroyable,51826,true,0
crystals,XP crystal,OverworldDestroyable32,Overworld,93.96,-32.1,CrystalDestroyable,51829,true,1
crystals,No-XP crystal,OverworldDestroyable33,Overworld,-3.19,28.64,CrystalDestroyable,51832,false,0
crystals,No-XP crystal,OverworldDestroyable34,Overworld,0.51,26.83,CrystalDestroyable,51835,false,0
crystals,No-XP crystal,OverworldDestroyable35,Overworld,-3.56,28.13,CrystalDestroyable,51838,false,0
crystals,No-XP crystal,OverworldDestroyable36,Overworld,-182,-97,CrystalDestroyable,51841,false,0
crystals,No-XP crystal,OverworldDestroyable37,Overworld,88.4,61.67,CrystalDestroyable,51844,false,0
crystals,No-XP crystal,OverworldDestroyable38,Overworld,-178.97,-97.13,CrystalDestroyable,51847,false,0
crystals,No-XP crystal,OverworldDestroyable39,Overworld,-180.97,-96.13,CrystalDestroyable,51850,false,0
crystals,No-XP crystal,OverworldDestroyable40,Overworld,-178.97,-99.13,CrystalDestroyable,51853,false,0
crystals,No-XP crystal,OverworldDestroyable41,Overworld,-181.99,-99.3,CrystalDestroyable,51856,false,0
crystals,No-XP crystal,OverworldDestroyable42,Overworld,-181.97,-98.13,CrystalDestroyable,51859,false,1
crystals,No-XP crystal,OverworldDestroyable43,Overworld,-179.97,-96.13,CrystalDestroyable,51862,false,1
crystals,No-XP crystal,OverworldDestroyable44,Overworld,-180.97,-99.13,CrystalDestroyable,51865,false,0
crystals,No-XP crystal,OverworldDestroyable45,Overworld,-180.97,-97.13,CrystalDestroyable,51868,false,0
crystals,No-XP crystal,OverworldDestroyable46,Overworld,-179.97,-100.13,CrystalDestroyable,51871,false,1
crystals,No-XP crystal,OverworldDestroyable47,Overworld,-177.97,-98.13,CrystalDestroyable,51874,false,1
crystals,No-XP crystal,OverworldDestroyable48,Overworld,-181.12,-100.09,CrystalDestroyable,51877,false,0
crystals,No-XP crystal,OverworldDestroyable49,Overworld,-178.62,-96.25,CrystalDestroyable,51880,false,0
crystals,No-XP crystal,OverworldDestroyable50,Overworld,-177.75,-97.08,CrystalDestroyable,51883,false,0
crystals,No-XP crystal,OverworldDestroyable51,Overworld,-177.83,-99.31,CrystalDestroyable,51886,false,0
crystals,No-XP crystal,OverworldDestroyable52,Overworld,-178.53,-100.2,CrystalDestroyable,51889,false,0
crystals,No-XP crystal,OverworldDestroyable53,Overworld,-65.81,-70,CrystalDestroyable,51892,false,2
crystals,XP crystal,OverworldDestroyable54,Overworld,-66.57,-69.04,CrystalDestroyable,51895,true,0
crystals,XP crystal,OverworldDestroyable55,Overworld,-65,-69,CrystalDestroyable,51898,true,0
crystals,No-XP crystal,OverworldDestroyable56,Overworld,2.34,29.94,CrystalDestroyable,51901,false,0
crystals,XP crystal,OverworldDestroyable57,Overworld,137.52,6.41,CrystalDestroyable,51904,true,1
crystals,XP crystal,OverworldDestroyable58,Overworld,135.06,-3.95,CrystalDestroyable,51907,true,0
crystals,XP crystal,OverworldDestroyable59,Overworld,48,38,CrystalDestroyable,51910,true,0
crystals,XP crystal,OverworldDestroyable60,Overworld,48,32,CrystalDestroyable,51913,true,0
crystals,XP crystal,OverworldDestroyable61,Overworld,70,68,CrystalDestroyable,51916,true,1
crystals,XP crystal,OverworldDestroyable62,Overworld,-111.54,20.74,CrystalDestroyable,51919,true,0
crystals,XP crystal,OverworldDestroyable63,Overworld,-110.39,13.7,CrystalDestroyable,51922,true,0
crystals,XP crystal,OverworldDestroyable64,Overworld,-110.24,22.67,CrystalDestroyable,51925,true,0
crystals,XP crystal,OverworldDestroyable65,Overworld,-112,16,CrystalDestroyable,51928,true,0
crystals,No-XP crystal,OverworldDestroyable66,Overworld,-102.86,-4.9,CrystalDestroyable,51931,false,0
crystals,No-XP crystal,OverworldDestroyable67,Overworld,-109.4,-2.33,CrystalDestroyable,51934,false,0
crystals,No-XP crystal,OverworldDestroyable68,Overworld,-115.38,-5.37,CrystalDestroyable,51937,false,0
crystals,No-XP crystal,OverworldDestroyable69,Overworld,-105.04,-4.46,CrystalDestroyable,51940,false,1
crystals,No-XP crystal,OverworldDestroyable70,Overworld,-94.91,16.46,CrystalDestroyable,51943,false,1
crystals,No-XP crystal,OverworldDestroyable71,Overworld,-92,11,CrystalDestroyable,51946,false,0
crystals,No-XP crystal,OverworldDestroyable72,Overworld,-88,13.41,CrystalDestroyable,51949,false,0
crystals,No-XP crystal,OverworldDestroyable73,Overworld,-94.55,19.26,CrystalDestroyable,51952,false,0
crystals,No-XP crystal,OverworldDestroyable74,Overworld,-92.76,15.09,CrystalDestroyable,51955,false,0
crystals,No-XP crystal,OverworldDestroyable75,Overworld,-91.98,13.14,CrystalDestroyable,51958,false,0
crystals,No-XP crystal,OverworldDestroyable76,Overworld,-37,39,CrystalDestroyable,51961,false,0
crystals,No-XP crystal,OverworldDestroyable77,Overworld,-87.17,15.16,CrystalDestroyable,51964,false,1
crystals,No-XP crystal,OverworldDestroyable78,Overworld,-35,40,CrystalDestroyable,51967,false,0
crystals,XP crystal,OverworldDestroyable79,Overworld,109.23,159.88,CrystalDestroyable,51970,true,2
crystals,XP crystal,OverworldDestroyable80,Overworld,-94.38,-257.16,CrystalDestroyable,51973,true,0
crystals,XP crystal,OverworldDestroyable81,Overworld,-96.68,-258.47,CrystalDestroyable,51976,true,0
crystals,No-XP crystal,OverworldDestroyable82,Overworld,-47,0,CrystalDestroyable,51979,false,2
crystals,No-XP crystal,OverworldDestroyable83,Overworld,-37.45,-1.2,CrystalDestroyable,51982,false,0
crystals,No-XP crystal,OverworldDestroyable84,Overworld,-38.07,-1.44,CrystalDestroyable,51985,false,0
crystals,No-XP crystal,OverworldDestroyable85,Overworld,-38,-3,CrystalDestroyable,51988,false,0
crystals,No-XP crystal,OverworldDestroyable86,Overworld,-38.87,1.16,CrystalDestroyable,51991,false,2
crystals,No-XP crystal,OverworldDestroyable87,Overworld,-39.87,1.77,CrystalDestroyable,51994,false,0
crystals,No-XP crystal,OverworldDestroyable88,Overworld,-87.07,13.69,CrystalDestroyable,51997,false,0
crystals,No-XP crystal,OverworldDestroyable89,Overworld,-45.65,2.29,CrystalDestroyable,52000,false,0
crystals,No-XP crystal,OverworldDestroyable90,Overworld,-44.28,1.49,CrystalDestroyable,52003,false,0
crystals,No-XP crystal,OverworldDestroyable91,Overworld,-44.88,-1.47,CrystalDestroyable,52006,false,0
crystals,No-XP crystal,OverworldDestroyable92,Overworld,-45.02,0.1,CrystalDestroyable,52009,false,0
crystals,No-XP crystal,OverworldDestroyable93,Overworld,-39.33,-1.06,CrystalDestroyable,52012,false,0
crystals,No-XP crystal,OverworldDestroyable94,Overworld,-42.5,-2.26,CrystalDestroyable,52015,false,0
crystals,No-XP crystal,OverworldDestroyable95,Overworld,-40.16,-0.32,CrystalDestroyable,52018,false,0
crystals,No-XP crystal,OverworldDestroyable96,Overworld,-45.37,1.22,CrystalDestroyable,52021,false,1
crystals,No-XP crystal,OverworldDestroyable97,Overworld,-85.76,16.09,CrystalDestroyable,52024,false,0
crystals,No-XP crystal,OverworldDestroyable98,Overworld,-41.27,-1.13,CrystalDestroyable,52027,false,0
crystals,No-XP crystal,OverworldDestroyable99,Overworld,-41.73,-3.98,CrystalDestroyable,52030,false,1
crystals,No-XP crystal,OverworldDestroyable100,Overworld,-43.85,-0.51,CrystalDestroyable,52033,false,2
crystals,No-XP crystal,OverworldDestroyable101,Overworld,-39.97,-1.46,CrystalDestroyable,52036,false,1
crystals,No-XP crystal,OverworldDestroyable102,Overworld,-48.34,0.67,CrystalDestroyable,52039,false,1
crystals,No-XP crystal,OverworldDestroyable103,Overworld,-50.9,3.21,CrystalDestroyable,52042,false,0
crystals,No-XP crystal,OverworldDestroyable104,Overworld,-49.3,-2.12,CrystalDestroyable,52045,false,0
crystals,No-XP crystal,OverworldDestroyable105,Overworld,-50.41,9.06,CrystalDestroyable,52048,false,2
crystals,No-XP crystal,OverworldDestroyable106,Overworld,-53.28,8.25,CrystalDestroyable,52051,false,0
crystals,XP crystal,OverworldDestroyable107,Overworld,-30.96,4.97,CrystalDestroyable,52054,true,0
crystals,XP crystal,OverworldDestroyable108,Overworld,188.74,120.64,CrystalDestroyable,52057,true,0
crystals,XP crystal,OverworldDestroyable109,Overworld,191.21,120.59,CrystalDestroyable,52060,true,0
crystals,XP crystal,OverworldDestroyable110,Overworld,-52.2,9.17,CrystalDestroyable,52063,true,2
crystals,XP crystal,OverworldDestroyable111,Overworld,163.93,187.51,CrystalDestroyable,52066,true,2
crystals,XP crystal,OverworldDestroyable112,Overworld,162.45,187.07,CrystalDestroyable,52069,true,0
crystals,XP crystal,OverworldDestroyable113,Overworld,165.47,187.06,CrystalDestroyable,52072,true,0
crystals,XP crystal,OverworldDestroyable114,Overworld,164,186,CrystalDestroyable,52075,true,0
crystals,XP crystal,OverworldDestroyable115,Overworld,-187.93,68.53,CrystalDestroyable,52078,true,0
crystals,XP crystal,OverworldDestroyable116,Overworld,-189.59,67.57,CrystalDestroyable,52081,true,0
crystals,XP crystal,OverworldDestroyable117,Overworld,-186.37,67.44,CrystalDestroyable,52084,true,0
crystals,XP crystal,OverworldDestroyable118,Overworld,-166,114,CrystalDestroyable,52087,true,1
crystals,XP crystal,OverworldDestroyable119,Overworld,-165,115,CrystalDestroyable,52090,true,0
crystals,XP crystal,OverworldDestroyable120,Overworld,-167,115,CrystalDestroyable,52093,true,0
crystals,XP crystal,OverworldDestroyable121,Overworld,-166,116,CrystalDestroyable,52096,true,0
crystals,XP crystal,OverworldDestroyable122,Overworld,-97.41,-257.57,CrystalDestroyable,52099,true,0
crystals,No-XP crystal,OverworldDestroyable123,Overworld,-93.51,15.26,CrystalDestroyable,52102,false,0
crystals,XP crystal,OverworldDestroyable124,Overworld,-103.11,-254.41,CrystalDestroyable,52105,true,0
crystals,XP crystal,OverworldDestroyable125,Overworld,-95.1,-255.86,CrystalDestroyable,52108,true,1
crystals,No-XP crystal,OverworldDestroyable126,Overworld,-35.08,133.35,CrystalDestroyable,52111,false,2
crystals,No-XP crystal,OverworldDestroyable127,Overworld,-35.03,132.5,CrystalDestroyable,52114,false,0
crystals,No-XP crystal,OverworldDestroyable128,Overworld,-34,135,CrystalDestroyable,52117,false,3
crystals,No-XP crystal,OverworldDestroyable129,Overworld,-103.02,-253.31,CrystalDestroyable,52120,false,0
crystals,No-XP crystal,OverworldDestroyable130,Overworld,-33.05,132.54,CrystalDestroyable,52123,false,0
crystals,No-XP crystal,OverworldDestroyable131,Overworld,-34,130,CrystalDestroyable,52126,false,0
crystals,No-XP crystal,OverworldDestroyable132,Overworld,-31.92,132.42,CrystalDestroyable,52129,false,1
crystals,No-XP crystal,OverworldDestroyable133,Overworld,-102.48,-256.79,CrystalDestroyable,52132,false,0
crystals,No-XP crystal,OverworldDestroyable134,Overworld,-100.84,-256.22,CrystalDestroyable,52135,false,1
crystals,No-XP crystal,OverworldDestroyable135,Overworld,-96.49,-256.23,CrystalDestroyable,52138,false,0
crystals,No-XP crystal,OverworldDestroyable136,Overworld,-96.2,-256.89,CrystalDestroyable,52141,false,0
crystals,No-XP crystal,OverworldDestroyable137,Overworld,-93.79,-254.86,CrystalDestroyable,52144,false,3
crystals,No-XP crystal,OverworldDestroyable138,Overworld,-104.48,-254.91,CrystalDestroyable,52147,false,1
crystals,XP crystal,OverworldDestroyable139,Overworld,-26,18,CrystalDestroyable,52150,true,2
crystals,No-XP crystal,OverworldDestroyable140,Overworld,-147,-7,CrystalDestroyable,52153,false,0
crystals,No-XP crystal,OverworldDestroyable141,Overworld,-146,-9,CrystalDestroyable,52156,false,0
crystals,No-XP crystal,OverworldDestroyable142,Overworld,-151,-9,CrystalDestroyable,52159,false,0
crystals,No-XP crystal,OverworldDestroyable143,Overworld,-150,-8,CrystalDestroyable,52162,false,1
crystals,No-XP crystal,OverworldDestroyable144,Overworld,-249.87,-97.98,CrystalDestroyable,52165,false,1
crystals,No-XP crystal,OverworldDestroyable145,Overworld,-227.15,-95.59,CrystalDestroyable,52168,false,1
crystals,No-XP crystal,OverworldDestroyable146,Overworld,-232.91,-109.62,CrystalDestroyable,52171,false,1
crystals,No-XP crystal,OverworldDestroyable147,Overworld,-87.28,21.21,CrystalDestroyable,52174,false,0
crystals,No-XP crystal,OverworldDestroyable148,Overworld,-227.67,-93.35,CrystalDestroyable,52177,false,2
crystals,No-XP crystal,OverworldDestroyable149,Overworld,-236.38,-95.83,CrystalDestroyable,52180,false,2
crystals,No-XP crystal,OverworldDestroyable150,Overworld,-233.32,-87.36,CrystalDestroyable,52183,false,0
crystals,No-XP crystal,OverworldDestroyable151,Overworld,-233,-111,CrystalDestroyable,52186,false,0
crystals,No-XP crystal,OverworldDestroyable152,Overworld,-236.2,-92.57,CrystalDestroyable,52189,false,1
crystals,No-XP crystal,OverworldDestroyable153,Overworld,-245.67,-101.84,CrystalDestroyable,52192,false,3
crystals,No-XP crystal,OverworldDestroyable154,Overworld,-243.34,-100.68,CrystalDestroyable,52195,false,0
crystals,No-XP crystal,OverworldDestroyable155,Overworld,-248.11,-98.06,CrystalDestroyable,52198,false,0
crystals,No-XP crystal,OverworldDestroyable156,Overworld,-237.63,-93.38,CrystalDestroyable,52201,false,0
crystals,No-XP crystal,OverworldDestroyable157,Overworld,-153.46,-85.14,CrystalDestroyable,52204,false,0
crystals,No-XP crystal,OverworldDestroyable158,Overworld,-149.3,-82.79,CrystalDestroyable,52207,false,0
crystals,No-XP crystal,OverworldDestroyable159,Overworld,-152.72,-82.2,CrystalDestroyable,52210,false,0
crystals,No-XP crystal,OverworldDestroyable160,Overworld,-113,21,CrystalDestroyable,52213,false,0
crystals,No-XP crystal,OverworldDestroyable161,Overworld,-113,17,CrystalDestroyable,52216,false,1
crystals,No-XP crystal,OverworldDestroyable162,Overworld,-107.98,10.3,CrystalDestroyable,52219,false,3
crystals,No-XP crystal,OverworldDestroyable163,Overworld,-106.44,11.87,CrystalDestroyable,52222,false,0
crystals,No-XP crystal,OverworldDestroyable164,Overworld,-107.28,12.83,CrystalDestroyable,52225,false,1
crystals,No-XP crystal,OverworldDestroyable165,Overworld,-110.09,11.54,CrystalDestroyable,52228,false,0
crystals,No-XP crystal,OverworldDestroyable166,Overworld,-110.04,16,CrystalDestroyable,52231,false,0
crystals,No-XP crystal,OverworldDestroyable167,Overworld,-244.23,-102.86,CrystalDestroyable,52234,false,0
crystals,No-XP crystal,OverworldDestroyable168,Overworld,-223.59,-96.72,CrystalDestroyable,52237,false,0
crystals,No-XP crystal,OverworldDestroyable169,Overworld,-155.7,69.77,CrystalDestroyable,52240,false,0
crystals,No-XP crystal,OverworldDestroyable170,Overworld,-142.19,69.61,CrystalDestroyable,52243,false,0
crystals,No-XP crystal,OverworldDestroyable171,Overworld,-152.19,65.97,CrystalDestroyable,52246,false,0
crystals,No-XP crystal,OverworldDestroyable172,Overworld,-143.38,72.84,CrystalDestroyable,52249,false,0
crystals,XP crystal,OverworldDestroyable173,Overworld,-166,159,CrystalDestroyable,52252,true,0
crystals,XP crystal,OverworldDestroyable174,Overworld,-162,160,CrystalDestroyable,52255,true,0
crystals,XP crystal,OverworldDestroyable175,Overworld,-165.18,157.31,CrystalDestroyable,52258,true,0
crystals,XP crystal,OverworldDestroyable176,Overworld,-163,158,CrystalDestroyable,52261,true,0
crystals,XP crystal,OverworldDestroyable177,Overworld,-164,157,CrystalDestroyable,52264,true,0
crystals,XP crystal,OverworldDestroyable178,Overworld,-129,201,CrystalDestroyable,52267,true,1
crystals,No-XP crystal,OverworldDestroyable179,Overworld,-165.15,151.91,CrystalDestroyable,52270,false,1
crystals,No-XP crystal,OverworldDestroyable180,Overworld,-135.7,180.26,CrystalDestroyable,52273,false,0
crystals,No-XP crystal,OverworldDestroyable181,Overworld,-133.07,174.72,CrystalDestroyable,52276,false,0
crystals,No-XP crystal,OverworldDestroyable182,Overworld,-130.48,177.18,CrystalDestroyable,52279,false,0
crystals,No-XP crystal,OverworldDestroyable183,Overworld,-131.69,180.89,CrystalDestroyable,52282,false,2
crystals,No-XP crystal,OverworldDestroyable184,Overworld,-130.47,181.41,CrystalDestroyable,52285,false,0
crystals,No-XP crystal,OverworldDestroyable185,Overworld,-129.93,180.03,CrystalDestroyable,52288,false,1
crystals,No-XP crystal,OverworldDestroyable186,Overworld,-149.9,180.89,CrystalDestroyable,52291,false,1
crystals,No-XP crystal,OverworldDestroyable187,Overworld,-149.67,176.04,CrystalDestroyable,52294,false,0
crystals,No-XP crystal,OverworldDestroyable188,Overworld,-149.3,179.94,CrystalDestroyable,52297,false,0
crystals,No-XP crystal,OverworldDestroyable189,Overworld,-277.46,133.29,CrystalDestroyable,52300,false,0
crystals,No-XP crystal,OverworldDestroyable190,Overworld,-273.61,137.11,CrystalDestroyable,52303,false,1
crystals,No-XP crystal,OverworldDestroyable191,Overworld,-276.24,136.74,CrystalDestroyable,52306,false,0
crystals,No-XP crystal,OverworldDestroyable192,Overworld,-275.2,131.38,CrystalDestroyable,52309,false,0
crystals,No-XP crystal,OverworldDestroyable193,Overworld,-271.83,134.14,CrystalDestroyable,52312,false,2
crystals,XP crystal,OverworldDestroyable194,Overworld,-134.65,202.91,CrystalDestroyable,52315,true,0
crystals,No-XP crystal,OverworldDestroyable195,Overworld,30.7,162.48,CrystalDestroyable,52318,false,1
crystals,No-XP crystal,OverworldDestroyable196,Overworld,33.75,166.48,CrystalDestroyable,52321,false,0
crystals,No-XP crystal,OverworldDestroyable197,Overworld,32.46,164.15,CrystalDestroyable,52324,false,2
crystals,No-XP crystal,OverworldDestroyable198,Overworld,32.39,162.83,CrystalDestroyable,52327,false,0
crystals,No-XP crystal,OverworldDestroyable199,Overworld,34.29,166.05,CrystalDestroyable,52330,false,0
crystals,No-XP crystal,OverworldDestroyable200,Overworld,28,167,CrystalDestroyable,52333,false,0
crystals,No-XP crystal,OverworldDestroyable201,Overworld,28.24,174.15,CrystalDestroyable,52336,false,1
crystals,No-XP crystal,OverworldDestroyable202,Overworld,31.45,163.86,CrystalDestroyable,52339,false,0
crystals,No-XP crystal,OverworldDestroyable203,Overworld,34.26,163.26,CrystalDestroyable,52342,false,1
crystals,No-XP crystal,OverworldDestroyable204,Overworld,27.16,164.65,CrystalDestroyable,52345,false,0
crystals,No-XP crystal,OverworldDestroyable205,Overworld,-116.2,-4.89,CrystalDestroyable,52348,false,0
crystals,No-XP crystal,OverworldDestroyable206,Overworld,-95.62,11.82,CrystalDestroyable,52351,false,0
crystals,No-XP crystal,OverworldDestroyable207,Overworld,-168,149.17,CrystalDestroyable,52354,false,0
crystals,No-XP crystal,OverworldDestroyable208,Overworld,-166.58,148.58,CrystalDestroyable,52357,false,0
crystals,No-XP crystal,OverworldDestroyable209,Overworld,-164.58,150.58,CrystalDestroyable,52360,false,0
crystals,No-XP crystal,OverworldDestroyable210,Overworld,-166.58,152.58,CrystalDestroyable,52363,false,0
crystals,No-XP crystal,OverworldDestroyable211,Overworld,-168,152,CrystalDestroyable,52366,false,0
crystals,No-XP crystal,OverworldDestroyable212,Overworld,-165.2,149.12,CrystalDestroyable,52369,false,1
crystals,No-XP crystal,OverworldDestroyable213,Overworld,-168.54,150.57,CrystalDestroyable,52372,false,1
crystals,No-XP crystal,OverworldDestroyable214,Overworld,1.5,28.65,CrystalDestroyable,52375,false,1
crystals,No-XP crystal,OverworldDestroyable215,Overworld,-4.45,29.18,CrystalDestroyable,52378,false,0
crystals,No-XP crystal,OverworldDestroyable216,Overworld,-2.37,26.6,CrystalDestroyable,52381,false,1
crystals,No-XP crystal,OverworldDestroyable217,Overworld,-15.9,36.19,CrystalDestroyable,52384,false,0
crystals,No-XP crystal,OverworldDestroyable218,Overworld,-1.41,30.69,CrystalDestroyable,52387,false,0
crystals,No-XP crystal,OverworldDestroyable219,Overworld,0,31,CrystalDestroyable,52390,false,0
crystals,No-XP crystal,OverworldDestroyable220,Overworld,-14,28,CrystalDestroyable,52393,false,1
crystals,No-XP crystal,OverworldDestroyable221,Overworld,9.59,42.85,CrystalDestroyable,52396,false,0
crystals,No-XP crystal,OverworldDestroyable222,Overworld,8.26,43.82,CrystalDestroyable,52399,false,1
crystals,No-XP crystal,OverworldDestroyable223,Overworld,4,43.97,CrystalDestroyable,52402,false,0
crystals,No-XP crystal,OverworldDestroyable224,Overworld,-13.17,40.08,CrystalDestroyable,52405,false,2
crystals,No-XP crystal,OverworldDestroyable225,Overworld,-14.03,39.33,CrystalDestroyable,52408,false,0
crystals,No-XP crystal,OverworldDestroyable226,Overworld,-12.87,38.8,CrystalDestroyable,52411,false,0
crystals,No-XP crystal,OverworldDestroyable227,Overworld,-12.46,40.79,CrystalDestroyable,52414,false,0
crystals,No-XP crystal,OverworldDestroyable228,Overworld,-14.55,37.19,CrystalDestroyable,52417,false,0
crystals,No-XP crystal,OverworldDestroyable229,Overworld,-232,-97,CrystalDestroyable,52420,false,1
crystals,No-XP crystal,OverworldDestroyable230,Overworld,-234,-97,CrystalDestroyable,52423,false,0
crystals,No-XP crystal,OverworldDestroyable231,Overworld,-232.37,-97.9,CrystalDestroyable,52426,false,0
crystals,No-XP crystal,OverworldDestroyable232,Overworld,-229.4,-97.22,CrystalDestroyable,52429,false,0
crystals,No-XP crystal,OverworldDestroyable233,Overworld,-226.59,-94.45,CrystalDestroyable,52432,false,0
crystals,No-XP crystal,OverworldDestroyable234,Overworld,-46.87,30.67,CrystalDestroyable,52435,false,1
crystals,No-XP crystal,OverworldDestroyable235,Overworld,-49,31,CrystalDestroyable,52438,false,0
crystals,No-XP crystal,OverworldDestroyable236,Overworld,-44.36,31.08,CrystalDestroyable,52441,false,0
crystals,No-XP crystal,OverworldDestroyable237,Overworld,-42.5,49.19,CrystalDestroyable,52444,false,2
crystals,No-XP crystal,OverworldDestroyable238,Overworld,-41.25,49,CrystalDestroyable,52447,false,2
crystals,No-XP crystal,OverworldDestroyable239,Overworld,-42.18,48.21,CrystalDestroyable,52450,false,1
crystals,No-XP crystal,OverworldDestroyable240,Overworld,-41,48,CrystalDestroyable,52453,false,0
crystals,No-XP crystal,OverworldDestroyable241,Overworld,-42.55,47.58,CrystalDestroyable,52456,false,0
crystals,No-XP crystal,OverworldDestroyable242,Overworld,-3.28,42.69,CrystalDestroyable,52459,false,0
crystals,No-XP crystal,OverworldDestroyable243,Overworld,-5.25,43.97,CrystalDestroyable,52462,false,0
crystals,No-XP crystal,OverworldDestroyable244,Overworld,-3.81,43.28,CrystalDestroyable,52465,false,1
crystals,No-XP crystal,OverworldDestroyable245,Overworld,-16.21,34.98,CrystalDestroyable,52468,false,1
crystals,No-XP crystal,OverworldDestroyable246,Overworld,-16.39,35.82,CrystalDestroyable,52471,false,0
crystals,No-XP crystal,OverworldDestroyable247,Overworld,-16.26,37.19,CrystalDestroyable,52474,false,0
crystals,No-XP crystal,OverworldDestroyable248,Overworld,-16.46,36.67,CrystalDestroyable,52477,false,1
crystals,No-XP crystal,OverworldDestroyable249,Overworld,3.65,43.61,CrystalDestroyable,52480,false,0
crystals,No-XP crystal,OverworldDestroyable250,Overworld,9.19,43.48,CrystalDestroyable,52483,false,0
crystals,XP crystal,OverworldDestroyable251,Overworld,-20.02,-35.7,CrystalDestroyable,52486,true,0
crystals,No-XP crystal,OverworldDestroyable252,Overworld,-30.06,5.05,CrystalDestroyable,52489,false,0
crystals,No-XP crystal,OverworldDestroyable253,Overworld,-31.17,5.48,CrystalDestroyable,52492,false,0
crystals,No-XP crystal,OverworldDestroyable254,Overworld,-149.35,-86.18,CrystalDestroyable,52495,false,0
crystals,XP crystal,OverworldDestroyable255,Overworld,-109.26,-61.45,CrystalDestroyable,52498,true,1
crystals,XP crystal,OverworldDestroyable256,Overworld,-91.44,-41.4,CrystalDestroyable,52501,true,0
crystals,XP crystal,OverworldDestroyable257,Overworld,-92.04,-42.39,CrystalDestroyable,52504,true,0
crystals,XP crystal,OverworldDestroyable258,Overworld,-93.04,-41.39,CrystalDestroyable,52507,true,0
crystals,No-XP crystal,OverworldDestroyable259,Overworld,-72.01,74.01,CrystalDestroyable,52510,false,2
crystals,No-XP crystal,OverworldDestroyable260,Overworld,-72.65,73.44,CrystalDestroyable,52513,false,0
crystals,No-XP crystal,OverworldDestroyable261,Overworld,-71.29,73.37,CrystalDestroyable,52516,false,0
crystals,No-XP crystal,OverworldDestroyable262,Overworld,-71.31,74.59,CrystalDestroyable,52519,false,0
crystals,No-XP crystal,OverworldDestroyable263,Overworld,-72.84,73.99,CrystalDestroyable,52522,false,0
crystals,No-XP crystal,OverworldDestroyable264,Overworld,-72.01,74.82,CrystalDestroyable,52525,false,0
crystals,No-XP crystal,OverworldDestroyable265,Overworld,-71.2,74.02,CrystalDestroyable,52528,false,0
crystals,No-XP crystal,OverworldDestroyable266,Overworld,-72.69,74.6,CrystalDestroyable,52531,false,0
crystals,XP crystal,OverworldDestroyable267,Overworld,-107.69,169.17,CrystalDestroyable,52534,true,3
crystals,XP crystal,OverworldDestroyable268,Overworld,-107.54,167.62,CrystalDestroyable,52537,true,0
crystals,XP crystal,OverworldDestroyable269,Overworld,-106.71,170.67,CrystalDestroyable,52540,true,0
crystals,No-XP crystal,OverworldDestroyable270,Overworld,-133.98,178.12,CrystalDestroyable,52543,false,2
crystals,No-XP crystal,OverworldDestroyable271,Overworld,-152,178.12,CrystalDestroyable,52546,false,2
crystals,XP crystal,OverworldDestroyable272,Overworld,-108.44,170.23,CrystalDestroyable,52549,true,0
crystals,XP crystal,OverworldDestroyable273,Overworld,-134.25,-59.28,CrystalDestroyable,52552,true,1
crystals,XP crystal,OverworldDestroyable274,Overworld,-41.99,91.94,CrystalDestroyable,52555,true,3
crystals,XP crystal,OverworldDestroyable275,Overworld,-60,-152,CrystalDestroyable,52558,true,2
crystals,XP crystal,OverworldDestroyable276,Overworld,-62,-152,CrystalDestroyable,52561,true,0
crystals,XP crystal,OverworldDestroyable277,Overworld,-60,-150,CrystalDestroyable,52564,true,0
crystals,XP crystal,OverworldDestroyable278,Overworld,-58,-152,CrystalDestroyable,52567,true,0
crystals,XP crystal,OverworldDestroyable279,Overworld,-59,-151,CrystalDestroyable,52570,true,0
crystals,XP crystal,OverworldDestroyable280,Overworld,-61,-151,CrystalDestroyable,52573,true,0
crystals,XP crystal,OverworldDestroyable281,Overworld,52,202,CrystalDestroyable,52576,true,3
crystals,XP crystal,OverworldDestroyable282,Overworld,51,201,CrystalDestroyable,52579,true,0
crystals,XP crystal,OverworldDestroyable283,Overworld,53,204,CrystalDestroyable,52582,true,0
crystals,XP crystal,OverworldDestroyable284,Overworld,49.32,202.77,CrystalDestroyable,52585,true,0
crystals,XP crystal,OverworldDestroyable285,Overworld,22,136,CrystalDestroyable,52588,true,1
crystals,XP crystal,OverworldDestroyable286,Overworld,17.14,132.17,CrystalDestroyable,52591,true,1
crystals,XP crystal,OverworldDestroyable287,Overworld,14.13,133.45,CrystalDestroyable,52594,true,0
crystals,No-XP crystal,OverworldDestroyable288,Overworld,20.34,135.64,CrystalDestroyable,52597,false,0
crystals,No-XP crystal,OverworldDestroyable289,Overworld,19.86,134.99,CrystalDestroyable,52600,false,1
crystals,No-XP crystal,OverworldDestroyable290,Overworld,19.86,133.28,CrystalDestroyable,52603,false,2
crystals,No-XP crystal,OverworldDestroyable291,Overworld,40.09,-10.76,CrystalDestroyable,52606,false,0
crystals,No-XP crystal,OverworldDestroyable292,Overworld,41.71,-10.65,CrystalDestroyable,52609,false,0
crystals,No-XP crystal,OverworldDestroyable293,Overworld,40.8,-10.38,CrystalDestroyable,52612,false,1
crystals,No-XP crystal,OverworldDestroyable294,Overworld,39,-9,CrystalDestroyable,52615,false,0
crystals,XP crystal,OverworldDestroyable295,Overworld,-66.57,-71,CrystalDestroyable,52618,true,0
crystals,XP crystal,OverworldDestroyable296,Overworld,-65,-71,CrystalDestroyable,52621,true,0
crystals,No-XP crystal,OverworldDestroyable297,Overworld,-0.91,28.99,CrystalDestroyable,52631,false,2
crystals,No-XP crystal,OverworldDestroyable298,Overworld,-59,37,CrystalDestroyable,52641,false,2
crystals,No-XP crystal,OverworldDestroyable299,Overworld,80,-263.47,CrystalDestroyable,52651,false,2
crystals,No-XP crystal,CaveDestroyable0,Cave,-1001.22,-91.25,CrystalDestroyable,81821,false,0
crystals,No-XP crystal,CaveDestroyable1,Cave,-1002.81,-91.38,CrystalDestroyable,81824,false,0
crystals,XP crystal,CaveDestroyable2,Cave,-917,-100,CrystalDestroyable,81827,true,0
crystals,XP crystal,CaveDestroyable3,Cave,-919,-102,CrystalDestroyable,81830,true,0
crystals,XP crystal,CaveDestroyable4,Cave,-919,-100,CrystalDestroyable,81833,true,0
crystals,No-XP crystal,CaveDestroyable5,Cave,-974.77,-74,CrystalDestroyable,81836,false,0
crystals,No-XP crystal,CaveDestroyable6,Cave,-973.01,-74.27,CrystalDestroyable,81839,false,0
crystals,No-XP crystal,CaveDestroyable7,Cave,-974,-74.36,CrystalDestroyable,81842,false,1
crystals,XP crystal,CaveDestroyable8,Cave,-964,-51,CrystalDestroyable,81845,true,0
crystals,No-XP crystal,CaveDestroyable9,Cave,-1002.06,-91,CrystalDestroyable,81848,false,1
crystals,No-XP crystal,CaveDestroyable10,Cave,-959.36,-88.22,CrystalDestroyable,81851,false,0
crystals,No-XP crystal,CaveDestroyable11,Cave,-958.02,-89.04,CrystalDestroyable,81854,false,0
crystals,No-XP crystal,CaveDestroyable12,Cave,-959,-89,CrystalDestroyable,81857,false,1
crystals,XP crystal,CaveDestroyable13,Cave,-917,-102,CrystalDestroyable,81860,true,0
crystals,XP crystal,CaveDestroyable14,Cave,-512,8,CrystalDestroyable,81863,true,1
crystals,XP crystal,CaveDestroyable15,Cave,-514,6,CrystalDestroyable,81866,true,0
crystals,XP crystal,CaveDestroyable16,Cave,-512,6,CrystalDestroyable,81869,true,0
crystals,XP crystal,CaveDestroyable17,Cave,-510,6,CrystalDestroyable,81872,true,0
crystals,XP crystal,CaveDestroyable18,Cave,-604.38,-37.38,CrystalDestroyable,81875,true,0
crystals,XP crystal,CaveDestroyable19,Cave,-680,56,CrystalDestroyable,81878,true,0
crystals,XP crystal,CaveDestroyable20,Cave,-683.41,49.8,CrystalDestroyable,81881,true,0
crystals,XP crystal,CaveDestroyable21,Cave,-690.19,47.38,CrystalDestroyable,81884,true,0
crystals,XP crystal,CaveDestroyable22,Cave,-919.47,-100.96,CrystalDestroyable,81887,true,0
crystals,XP crystal,CaveDestroyable23,Cave,-916.5,-100.96,CrystalDestroyable,81890,true,0
crystals,XP crystal,CaveDestroyable24,Cave,-964,-52,CrystalDestroyable,81893,true,0
crystals,XP crystal,CaveDestroyable25,Cave,-963,-51,CrystalDestroyable,81896,true,0
crystals,XP crystal,CaveDestroyable26,Cave,-940,-64,CrystalDestroyable,81899,true,0
crystals,No-XP crystal,CaveDestroyable27,Cave,-668.67,-2.68,CrystalDestroyable,81902,false,1
crystals,No-XP crystal,CaveDestroyable28,Cave,-552.42,117.15,CrystalDestroyable,81905,false,1
crystals,No-XP crystal,CaveDestroyable29,Cave,-555.01,121.06,CrystalDestroyable,81908,false,1
crystals,No-XP crystal,CaveDestroyable30,Cave,-551,117,CrystalDestroyable,81911,false,0
crystals,No-XP crystal,CaveDestroyable31,Cave,-554.58,119.04,CrystalDestroyable,81914,false,0
crystals,No-XP crystal,CaveDestroyable32,Cave,-555.06,120.25,CrystalDestroyable,81917,false,0
crystals,No-XP crystal,CaveDestroyable33,Cave,-549.06,119.01,CrystalDestroyable,81920,false,0
crystals,No-XP crystal,CaveDestroyable34,Cave,-549.25,119.68,CrystalDestroyable,81923,false,0
crystals,XP crystal,CaveDestroyable35,Cave,-719,101,CrystalDestroyable,81926,true,1
crystals,XP crystal,CaveDestroyable36,Cave,-718,102,CrystalDestroyable,81929,true,0
crystals,XP crystal,CaveDestroyable37,Cave,-720,100,CrystalDestroyable,81932,true,0
crystals,XP crystal,CaveDestroyable38,Cave,-722,100,CrystalDestroyable,81935,true,0
crystals,XP crystal,CaveDestroyable39,Cave,-718,104,CrystalDestroyable,81938,true,0
crystals,XP crystal,CaveDestroyable40,Cave,-720,102,CrystalDestroyable,81941,true,0
crystals,XP crystal,CaveDestroyable41,Cave,-683.91,49.21,CrystalDestroyable,81944,true,0
crystals,XP crystal,CaveDestroyable42,Cave,-604.24,-37.95,CrystalDestroyable,81947,true,0
crystals,No-XP crystal,CaveDestroyable43,Cave,-667.26,-2.68,CrystalDestroyable,81950,false,1
crystals,No-XP crystal,CaveDestroyable44,Cave,-706,96,CrystalDestroyable,81953,false,1
crystals,No-XP crystal,CaveDestroyable45,Cave,-698.97,90.65,CrystalDestroyable,81956,false,0
crystals,No-XP crystal,CaveDestroyable46,Cave,-706.3,98.13,CrystalDestroyable,81959,false,0
crystals,No-XP crystal,CaveDestroyable47,Cave,-708,94,CrystalDestroyable,81962,false,0
crystals,No-XP crystal,CaveDestroyable48,Cave,-875.11,154.84,CrystalDestroyable,81965,false,0
crystals,No-XP crystal,CaveDestroyable49,Cave,-876.92,153.21,CrystalDestroyable,81968,false,0
crystals,No-XP crystal,CaveDestroyable50,Cave,-879.06,153.13,CrystalDestroyable,81971,false,1
crystals,No-XP crystal,CaveDestroyable51,Cave,-875.7,153.77,CrystalDestroyable,81974,false,2
crystals,No-XP crystal,CaveDestroyable52,Cave,-879.59,152.51,CrystalDestroyable,81977,false,0
crystals,No-XP crystal,CaveDestroyable53,Cave,-880.7,153.44,CrystalDestroyable,81980,false,0
crystals,No-XP crystal,CaveDestroyable54,Cave,-709.19,96.73,CrystalDestroyable,81983,false,2
crystals,No-XP crystal,CaveDestroyable55,Cave,-696,100,CrystalDestroyable,81986,false,2
crystals,XP crystal,CaveDestroyable56,Cave,-844,86,CrystalDestroyable,81989,true,1
crystals,XP crystal,CaveDestroyable57,Cave,-845,87,CrystalDestroyable,81992,true,0
crystals,XP crystal,CaveDestroyable58,Cave,-843,87,CrystalDestroyable,81995,true,0
crystals,XP crystal,CaveDestroyable59,Cave,-786.28,189.56,CrystalDestroyable,81998,true,1
crystals,XP crystal,CaveDestroyable60,Cave,-784.47,189.18,CrystalDestroyable,82001,true,0
crystals,XP crystal,CaveDestroyable61,Cave,-785.25,190.64,CrystalDestroyable,82004,true,0
crystals,XP crystal,CaveDestroyable62,Cave,-786.64,190.97,CrystalDestroyable,82007,true,0
crystals,XP crystal,CaveDestroyable63,Cave,-764.76,6.6,CrystalDestroyable,82010,true,0
crystals,XP crystal,CaveDestroyable64,Cave,-759.29,6.31,CrystalDestroyable,82013,true,0
crystals,XP crystal,CaveDestroyable65,Cave,-763.27,4.22,CrystalDestroyable,82016,true,0
crystals,No-XP crystal,CaveDestroyable66,Cave,-760.57,8.11,CrystalDestroyable,82019,false,0
crystals,No-XP crystal,CaveDestroyable67,Cave,-760.69,4.09,CrystalDestroyable,82022,false,0
crystals,No-XP crystal,CaveDestroyable68,Cave,-763.47,8.2,CrystalDestroyable,82025,false,0
crystals,XP crystal,CaveDestroyable69,Cave,-918,-101,CrystalDestroyable,82028,true,2
crystals,XP crystal,CaveDestroyable70,Cave,-918,-102.58,CrystalDestroyable,82031,true,0
crystals,XP crystal,CaveDestroyable71,Cave,-918,-99.38,CrystalDestroyable,82034,true,0
crystals,No-XP crystal,CaveDestroyable72,Cave,-832.06,-129.83,CrystalDestroyable,82037,false,1
crystals,XP crystal,CaveDestroyable73,Cave,-483.31,148.22,CrystalDestroyable,82040,true,0
crystals,XP crystal,CaveDestroyable74,Cave,-474.47,147.69,CrystalDestroyable,82043,true,1
crystals,XP crystal,CaveDestroyable75,Cave,-484.35,147.54,CrystalDestroyable,82046,true,0
crystals,XP crystal,CaveDestroyable76,Cave,-475.43,147.52,CrystalDestroyable,82049,true,0
crystals,XP crystal,CaveDestroyable77,Cave,-475.34,149.27,CrystalDestroyable,82052,true,0
crystals,XP crystal,CaveDestroyable78,Cave,-482,149,CrystalDestroyable,82055,true,0
crystals,No-XP crystal,CaveDestroyable79,Cave,-773,-54,CrystalDestroyable,82058,false,0
crystals,No-XP crystal,CaveDestroyable80,Cave,-774,-54.56,CrystalDestroyable,82061,false,0
crystals,No-XP crystal,CaveDestroyable81,Cave,-775,-54,CrystalDestroyable,82064,false,0
crystals,No-XP crystal,CaveDestroyable82,Cave,-907.12,-99,CrystalDestroyable,82067,false,1
crystals,No-XP crystal,CaveDestroyable83,Cave,-907.57,-99.86,CrystalDestroyable,82070,false,0
crystals,No-XP crystal,CaveDestroyable84,Cave,-906.83,-100.42,CrystalDestroyable,82073,false,1
crystals,No-XP crystal,CaveDestroyable85,Cave,-907.86,-102.72,CrystalDestroyable,82076,false,1
crystals,No-XP crystal,CaveDestroyable86,Cave,-906.69,-102.29,CrystalDestroyable,82079,false,0
crystals,No-XP crystal,CaveDestroyable87,Cave,-906.66,-101.52,CrystalDestroyable,82082,false,0
crystals,No-XP crystal,CaveDestroyable88,Cave,-907.96,-100.98,CrystalDestroyable,82085,false,2
crystals,No-XP crystal,CaveDestroyable89,Cave,-908.95,-98.97,CrystalDestroyable,82088,false,0
crystals,XP crystal,CaveDestroyable90,Cave,-603.46,-37.83,CrystalDestroyable,82091,true,0
crystals,XP crystal,CaveDestroyable91,Cave,-774,-32,CrystalDestroyable,82094,true,1
crystals,XP crystal,CaveDestroyable92,Cave,-678.44,-75.18,CrystalDestroyable,82097,true,1
crystals,XP crystal,CaveDestroyable93,Cave,-679.57,-72.89,CrystalDestroyable,82100,true,0
crystals,XP crystal,CaveDestroyable94,Cave,-676.85,-73.07,CrystalDestroyable,82103,true,0
crystals,XP crystal,CaveDestroyable95,Cave,-774,-30,CrystalDestroyable,82106,true,0
crystals,XP crystal,CaveDestroyable96,Cave,-776,-32,CrystalDestroyable,82109,true,0
crystals,XP crystal,CaveDestroyable97,Cave,-774,-34,CrystalDestroyable,82112,true,0
crystals,XP crystal,CaveDestroyable98,Cave,-569.46,68.9,CrystalDestroyable,82115,true,1
crystals,XP crystal,CaveDestroyable99,Cave,-566.73,68.9,CrystalDestroyable,82118,true,1
crystals,XP crystal,CaveDestroyable100,Cave,-772,-32,CrystalDestroyable,82121,true,0
crystals,XP crystal,CaveDestroyable101,Cave,-568.04,67.57,CrystalDestroyable,82124,true,1
crystals,XP crystal,CaveDestroyable102,Cave,-568.94,68.07,CrystalDestroyable,82127,true,0
crystals,XP crystal,CaveDestroyable103,Cave,-567.05,68.17,CrystalDestroyable,82130,true,0
crystals,XP crystal,CaveDestroyable104,Cave,-568.04,70.17,CrystalDestroyable,82133,true,1
crystals,XP crystal,CaveDestroyable105,Cave,-568.87,69.66,CrystalDestroyable,82136,true,0
crystals,XP crystal,CaveDestroyable106,Cave,-567.13,69.56,CrystalDestroyable,82139,true,0
crystals,XP crystal,CaveDestroyable107,Cave,-668.2,-75.91,CrystalDestroyable,82142,true,2
crystals,XP crystal,CaveDestroyable108,Cave,-679.42,-74.62,CrystalDestroyable,82145,true,0
crystals,XP crystal,CaveDestroyable109,Cave,-676.77,-74.94,CrystalDestroyable,82148,true,0
crystals,XP crystal,CaveDestroyable110,Cave,-680.16,-73.87,CrystalDestroyable,82151,true,0
crystals,XP crystal,CaveDestroyable111,Cave,-678.21,-71.71,CrystalDestroyable,82154,true,0
crystals,XP crystal,CaveDestroyable112,Cave,-678.23,-76.2,CrystalDestroyable,82157,true,0
crystals,XP crystal,CaveDestroyable113,Cave,-676,-74.13,CrystalDestroyable,82160,true,0
crystals,XP crystal,CaveDestroyable114,Cave,-688.27,-76.71,CrystalDestroyable,82163,true,1
crystals,XP crystal,CaveDestroyable115,Cave,-689.1,-74.38,CrystalDestroyable,82166,true,0
crystals,XP crystal,CaveDestroyable116,Cave,-686.65,-75,CrystalDestroyable,82169,true,0
crystals,XP crystal,CaveDestroyable117,Cave,-687.85,-75.55,CrystalDestroyable,82172,true,2
crystals,XP crystal,CaveDestroyable118,Cave,-689.22,-76.55,CrystalDestroyable,82175,true,0
crystals,XP crystal,CaveDestroyable119,Cave,-686.57,-76.87,CrystalDestroyable,82178,true,0
crystals,XP crystal,CaveDestroyable120,Cave,-689.96,-75.8,CrystalDestroyable,82181,true,0
crystals,XP crystal,CaveDestroyable121,Cave,-688.01,-73.64,CrystalDestroyable,82184,true,0
crystals,XP crystal,CaveDestroyable122,Cave,-688.03,-78.13,CrystalDestroyable,82187,true,0
crystals,XP crystal,CaveDestroyable123,Cave,-685.8,-76.06,CrystalDestroyable,82190,true,0
crystals,XP crystal,CaveDestroyable124,Cave,-678.04,-73.68,CrystalDestroyable,82193,true,3
crystals,XP crystal,CaveDestroyable125,Cave,-668.66,-77.23,CrystalDestroyable,82196,true,0
crystals,XP crystal,CaveDestroyable126,Cave,-666.83,-75.44,CrystalDestroyable,82199,true,0
crystals,XP crystal,CaveDestroyable127,Cave,-667.47,-74.11,CrystalDestroyable,82202,true,0
crystals,XP crystal,CaveDestroyable128,Cave,-670.33,-76.07,CrystalDestroyable,82205,true,0
crystals,XP crystal,CaveDestroyable129,Cave,-667.35,-78.21,CrystalDestroyable,82208,true,0
crystals,XP crystal,CaveDestroyable130,Cave,-666.94,-76.85,CrystalDestroyable,82211,true,1
crystals,XP crystal,CaveDestroyable131,Cave,-669.47,-75.12,CrystalDestroyable,82214,true,1
crystals,XP crystal,CaveDestroyable132,Cave,-524.26,75.27,CrystalDestroyable,82217,true,3
crystals,XP crystal,CaveDestroyable133,Cave,-525.37,77.25,CrystalDestroyable,82220,true,0
crystals,XP crystal,CaveDestroyable134,Cave,-528.56,74.6,CrystalDestroyable,82223,true,0
crystals,XP crystal,CaveDestroyable135,Cave,-525.15,73.55,CrystalDestroyable,82226,true,0
crystals,XP crystal,CaveDestroyable136,Cave,-526.1,75.8,CrystalDestroyable,82229,true,1
crystals,No-XP crystal,CaveDestroyable138,Cave,-842,26,CrystalDestroyable,82245,false,2
crystals,No-XP crystal,CaveDestroyable139,Cave,-632,28,CrystalDestroyable,82255,false,2
crystals,No-XP crystal,CaveDestroyable140,Cave,-552,120,CrystalDestroyable,82265,false,2
crystals,No-XP crystal,CaveDestroyable141,Cave,-642,-46,CrystalDestroyable,82275,false,2
crystals,XP crystal,Dungeon1Destroyable0,Dungeon1,427.94,207.25,CrystalDestroyable,108305,true,1
crystals,No-XP crystal,Dungeon1Destroyable1,Dungeon1,462,215,CrystalDestroyable,108308,false,3
crystals,No-XP crystal,Dungeon1Destroyable2,Dungeon1,462,213,CrystalDestroyable,108311,false,0
crystals,No-XP crystal,Dungeon1Destroyable3,Dungeon1,460,215,CrystalDestroyable,108314,false,0
crystals,XP crystal,Dungeon1Destroyable4,Dungeon1,544,217,CrystalDestroyable,108317,true,2
crystals,No-XP crystal,Dungeon1Destroyable5,Dungeon1,615.71,235.35,CrystalDestroyable,108320,false,1
crystals,No-XP crystal,Dungeon1Destroyable6,Dungeon1,608.73,235.73,CrystalDestroyable,108323,false,0
crystals,No-XP crystal,Dungeon1Destroyable7,Dungeon1,613.24,244.21,CrystalDestroyable,108326,false,0
crystals,No-XP crystal,Dungeon1Destroyable8,Dungeon1,618.1,240.75,CrystalDestroyable,108329,false,0
crystals,No-XP crystal,Dungeon1Destroyable9,Dungeon1,596,236,CrystalDestroyable,108332,false,0
crystals,No-XP crystal,Dungeon1Destroyable10,Dungeon1,589,236,CrystalDestroyable,108335,false,0
crystals,No-XP crystal,Dungeon1Destroyable11,Dungeon1,595,235,CrystalDestroyable,108338,false,1
crystals,No-XP crystal,Dungeon1Destroyable12,Dungeon1,593,236,CrystalDestroyable,108341,false,0
crystals,XP crystal,Dungeon1Destroyable13,Dungeon1,620.23,207.73,CrystalDestroyable,108344,true,0
crystals,XP crystal,Dungeon1Destroyable14,Dungeon1,619,206.21,CrystalDestroyable,108347,true,1
crystals,XP crystal,Dungeon1Destroyable15,Dungeon1,620.55,204.48,CrystalDestroyable,108350,true,0
crystals,XP crystal,Dungeon1Destroyable16,Dungeon1,616.54,211.29,CrystalDestroyable,108353,true,0
crystals,XP crystal,Dungeon1Destroyable17,Dungeon1,615.34,200.4,CrystalDestroyable,108356,true,0
crystals,XP crystal,Dungeon1Destroyable18,Dungeon1,616.23,200.22,CrystalDestroyable,108359,true,0
crystals,No-XP crystal,Dungeon1Destroyable19,Dungeon1,464,215,CrystalDestroyable,108362,false,0
crystals,XP crystal,Dungeon1Destroyable20,Dungeon1,616.03,211.44,CrystalDestroyable,108365,true,0
crystals,No-XP crystal,Dungeon1Destroyable21,Dungeon1,587,237,CrystalDestroyable,108368,false,0
crystals,No-XP crystal,Dungeon1Destroyable22,Dungeon1,462,217,CrystalDestroyable,108371,false,0
crystals,No-XP crystal,Dungeon1Destroyable23,Dungeon1,607.89,235.17,CrystalDestroyable,108374,false,2
crystals,No-XP crystal,Dungeon1Destroyable24,Dungeon1,597,235,CrystalDestroyable,108377,false,0
crystals,No-XP crystal,Dungeon1Destroyable25,Dungeon1,616,243,CrystalDestroyable,108380,false,2
crystals,No-XP crystal,Dungeon1Destroyable26,Dungeon1,543,239,CrystalDestroyable,108383,false,0
crystals,No-XP crystal,Dungeon1Destroyable27,Dungeon1,543,237,CrystalDestroyable,108386,false,0
crystals,No-XP crystal,Dungeon1Destroyable28,Dungeon1,543,235,CrystalDestroyable,108389,false,0
crystals,No-XP crystal,Dungeon1Destroyable29,Dungeon1,543,233,CrystalDestroyable,108392,false,0
crystals,No-XP crystal,Dungeon1Destroyable30,Dungeon1,542,240,CrystalDestroyable,108395,false,0
crystals,No-XP crystal,Dungeon1Destroyable31,Dungeon1,542,238,CrystalDestroyable,108398,false,0
crystals,No-XP crystal,Dungeon1Destroyable32,Dungeon1,542,236,CrystalDestroyable,108401,false,0
crystals,No-XP crystal,Dungeon1Destroyable33,Dungeon1,542,234,CrystalDestroyable,108404,false,0
crystals,No-XP crystal,Dungeon1Destroyable34,Dungeon1,544,240,CrystalDestroyable,108407,false,0
crystals,No-XP crystal,Dungeon1Destroyable35,Dungeon1,544,238,CrystalDestroyable,108410,false,0
crystals,No-XP crystal,Dungeon1Destroyable36,Dungeon1,544,236,CrystalDestroyable,108413,false,0
crystals,No-XP crystal,Dungeon1Destroyable37,Dungeon1,544,234,CrystalDestroyable,108416,false,0
crystals,XP crystal,Dungeon1Destroyable38,Dungeon1,615,208,CrystalDestroyable,108419,true,0
crystals,XP crystal,Dungeon1Destroyable39,Dungeon1,617,205,CrystalDestroyable,108422,true,0
crystals,XP crystal,Dungeon1Destroyable40,Dungeon1,616,204,CrystalDestroyable,108425,true,0
crystals,No-XP crystal,Dungeon1Destroyable41,Dungeon1,542,232,CrystalDestroyable,108428,false,0
crystals,No-XP crystal,Dungeon1Destroyable42,Dungeon1,543,241.34,CrystalDestroyable,108431,false,1
crystals,No-XP crystal,Dungeon1Destroyable43,Dungeon1,544,232,CrystalDestroyable,108434,false,0
crystals,No-XP crystal,Dungeon1Destroyable44,Dungeon1,543,230.69,CrystalDestroyable,108437,false,1
crystals,XP crystal,Dungeon1Destroyable45,Dungeon1,543,230.78,CrystalDestroyable,108440,true,0
crystals,XP crystal,Dungeon1Destroyable46,Dungeon1,492,273,CrystalDestroyable,108443,true,1
crystals,XP crystal,Dungeon1Destroyable47,Dungeon1,550.38,198.7,CrystalDestroyable,108446,true,0
crystals,XP crystal,Dungeon1Destroyable48,Dungeon1,544,199,CrystalDestroyable,108449,true,0
crystals,No-XP crystal,Dungeon1Destroyable49,Dungeon1,623.67,240.41,CrystalDestroyable,108452,false,1
crystals,No-XP crystal,Dungeon1Destroyable50,Dungeon1,624,237,CrystalDestroyable,108455,false,2
crystals,No-XP crystal,Dungeon1Destroyable51,Dungeon1,628.28,239,CrystalDestroyable,108458,false,2
crystals,No-XP crystal,Dungeon1Destroyable52,Dungeon1,541,239,CrystalDestroyable,108461,false,0
crystals,No-XP crystal,Dungeon1Destroyable53,Dungeon1,541,237,CrystalDestroyable,108464,false,0
crystals,XP crystal,Dungeon1Destroyable54,Dungeon1,628.29,239.03,CrystalDestroyable,108467,true,1
crystals,No-XP crystal,Dungeon1Destroyable55,Dungeon1,541,235,CrystalDestroyable,108470,false,0
crystals,No-XP crystal,Dungeon1Destroyable56,Dungeon1,541,233,CrystalDestroyable,108473,false,0
crystals,No-XP crystal,Dungeon1Destroyable57,Dungeon1,545,233,CrystalDestroyable,108476,false,0
crystals,No-XP crystal,Dungeon1Destroyable58,Dungeon1,545,235,CrystalDestroyable,108479,false,0
crystals,No-XP crystal,Dungeon1Destroyable59,Dungeon1,545,237,CrystalDestroyable,108482,false,0
crystals,No-XP crystal,Dungeon1Destroyable60,Dungeon1,545,239,CrystalDestroyable,108485,false,0
crystals,XP crystal,Dungeon1Destroyable61,Dungeon1,462.09,215.04,CrystalDestroyable,108488,true,1
crystals,No-XP crystal,Dungeon2Destroyable0,Dungeon2,867.58,283.42,CrystalDestroyable,111488,false,1
crystals,No-XP crystal,Dungeon2Destroyable1,Dungeon2,868.64,283.9,CrystalDestroyable,111491,false,0
crystals,XP crystal,Dungeon2Destroyable2,Dungeon2,818,292,CrystalDestroyable,111494,true,0
crystals,XP crystal,Dungeon2Destroyable3,Dungeon2,1032,336,CrystalDestroyable,111497,true,1
crystals,No-XP crystal,Dungeon2Destroyable4,Dungeon2,1036.16,350.05,CrystalDestroyable,111500,false,1
crystals,No-XP crystal,Dungeon2Destroyable5,Dungeon2,1035,348,CrystalDestroyable,111503,false,0
crystals,XP crystal,Dungeon2Destroyable6,Dungeon2,1018,278,CrystalDestroyable,111506,true,0
crystals,XP crystal,Dungeon2Destroyable7,Dungeon2,1014.06,262.01,CrystalDestroyable,111509,true,0
crystals,XP crystal,Dungeon2Destroyable8,Dungeon2,1014,258.17,CrystalDestroyable,111512,true,0
crystals,XP crystal,Dungeon2Destroyable9,Dungeon2,1018.01,254.1,CrystalDestroyable,111515,true,0
crystals,XP crystal,Dungeon2Destroyable10,Dungeon2,1022.04,254.06,CrystalDestroyable,111518,true,0
crystals,XP crystal,Dungeon2Destroyable11,Dungeon2,1022.06,262.02,CrystalDestroyable,111521,true,1
crystals,XP crystal,Dungeon2Destroyable12,Dungeon2,814,288,CrystalDestroyable,111524,true,0
crystals,XP crystal,Dungeon2Destroyable13,Dungeon2,1014.02,254.08,CrystalDestroyable,111527,true,1
crystals,XP crystal,Dungeon2Destroyable14,Dungeon2,818,284,CrystalDestroyable,111530,true,0
crystals,No-XP crystal,Dungeon2Destroyable15,Dungeon2,1030,347,CrystalDestroyable,111533,false,0
crystals,No-XP crystal,Dungeon2Destroyable16,Dungeon2,971,312,CrystalDestroyable,111536,false,0
crystals,XP crystal,Dungeon2Destroyable17,Dungeon2,972,311.35,CrystalDestroyable,111539,true,0
crystals,No-XP crystal,Dungeon2Destroyable18,Dungeon2,973.29,315.08,CrystalDestroyable,111542,false,0
crystals,No-XP crystal,Dungeon2Destroyable19,Dungeon2,1030,337,CrystalDestroyable,111545,false,0
crystals,No-XP crystal,Dungeon2Destroyable20,Dungeon2,969.68,314.46,CrystalDestroyable,111548,false,0
crystals,XP crystal,Dungeon2Destroyable21,Dungeon2,970.84,315.35,CrystalDestroyable,111551,true,0
crystals,No-XP crystal,Dungeon2Destroyable22,Dungeon2,1033.66,347.03,CrystalDestroyable,111554,false,0
crystals,XP crystal,Dungeon2Destroyable23,Dungeon2,924,318,CrystalDestroyable,111557,true,2
crystals,No-XP crystal,Dungeon2Destroyable24,Dungeon2,1034,337,CrystalDestroyable,111560,false,0
crystals,No-XP crystal,Dungeon2Destroyable25,Dungeon2,1018,364,CrystalDestroyable,111563,false,0
crystals,No-XP crystal,Dungeon2Destroyable26,Dungeon2,954.5,233.27,CrystalDestroyable,111566,false,0
crystals,XP crystal,Dungeon2Destroyable27,Dungeon2,959.57,288.13,CrystalDestroyable,111569,true,0
crystals,No-XP crystal,Dungeon2Destroyable28,Dungeon2,1020,362,CrystalDestroyable,111572,false,1
crystals,No-XP crystal,Dungeon2Destroyable29,Dungeon2,949.5,233.27,CrystalDestroyable,111575,false,0
crystals,No-XP crystal,Dungeon2Destroyable30,Dungeon2,1020.43,360.26,CrystalDestroyable,111578,false,0
crystals,No-XP crystal,Dungeon2Destroyable31,Dungeon2,1025.66,362.47,CrystalDestroyable,111581,false,0
crystals,No-XP crystal,Dungeon2Destroyable32,Dungeon2,867.48,292.5,CrystalDestroyable,111584,false,1
crystals,No-XP crystal,Dungeon2Destroyable33,Dungeon2,868.54,292.98,CrystalDestroyable,111587,false,0
crystals,XP crystal,Dungeon2Destroyable34,Dungeon2,1018,258,CrystalDestroyable,111590,true,0
crystals,XP crystal,Dungeon2Destroyable35,Dungeon2,1018,262,CrystalDestroyable,111593,true,0
crystals,XP crystal,Dungeon2Destroyable36,Dungeon2,1022,258,CrystalDestroyable,111596,true,0
crystals,XP crystal,Dungeon3Destroyable0,Dungeon3,767,6,CrystalDestroyable,124370,true,3
crystals,XP crystal,Dungeon3Destroyable1,Dungeon3,765,6,CrystalDestroyable,124373,true,0
crystals,XP crystal,Dungeon3Destroyable2,Dungeon3,769,6,CrystalDestroyable,124376,true,0
crystals,XP crystal,Dungeon3Destroyable3,Dungeon3,767,8,CrystalDestroyable,124379,true,0
crystals,XP crystal,Dungeon3Destroyable4,Dungeon3,767,4,CrystalDestroyable,124382,true,0
crystals,XP crystal,Dungeon3Destroyable5,Dungeon3,864.57,18.33,CrystalDestroyable,124385,true,0
crystals,XP crystal,Dungeon3Destroyable6,Dungeon3,868,12,CrystalDestroyable,124388,true,0
crystals,XP crystal,Dungeon3Destroyable7,Dungeon3,947,30,CrystalDestroyable,124391,true,1
crystals,XP crystal,Dungeon3Destroyable8,Dungeon3,949.73,27.36,CrystalDestroyable,124394,true,1
crystals,XP crystal,Dungeon3Destroyable9,Dungeon3,949.27,28.41,CrystalDestroyable,124397,true,0
crystals,XP crystal,Dungeon3Destroyable10,Dungeon3,897,54,CrystalDestroyable,124400,true,0
crystals,XP crystal,Dungeon3Destroyable11,Dungeon3,770,-78,CrystalDestroyable,124403,true,0
crystals,XP crystal,Dungeon3Destroyable12,Dungeon3,769,-77,CrystalDestroyable,124406,true,0
crystals,XP crystal,Dungeon3Destroyable13,Dungeon3,767.62,-78.33,CrystalDestroyable,124409,true,0
crystals,No-XP crystal,Dungeon5Destroyable0,Dungeon5,1258.66,232.37,CrystalDestroyable,131588,false,3
crystals,No-XP crystal,Dungeon5Destroyable1,Dungeon5,1250.83,232.42,CrystalDestroyable,131591,false,2
crystals,No-XP crystal,Dungeon5Destroyable2,Dungeon5,1250.23,230.21,CrystalDestroyable,131594,false,1
crystals,No-XP crystal,Dungeon5Destroyable3,Dungeon5,1250.83,230.74,CrystalDestroyable,131597,false,0
crystals,No-XP crystal,Dungeon5Destroyable4,Dungeon5,1252.37,233.34,CrystalDestroyable,131600,false,3
crystals,No-XP crystal,Dungeon5Destroyable5,Dungeon5,1257.18,230.52,CrystalDestroyable,131603,false,3
crystals,No-XP crystal,Dungeon5Destroyable6,Dungeon5,1260,231.29,CrystalDestroyable,131606,false,3
crystals,No-XP crystal,Dungeon5Destroyable7,Dungeon5,1254.24,232.84,CrystalDestroyable,131609,false,2
crystals,No-XP crystal,Dungeon5Destroyable8,Dungeon5,1259.2,230.18,CrystalDestroyable,131612,false,2
crystals,No-XP crystal,Dungeon5Destroyable9,Dungeon5,1253.69,230.84,CrystalDestroyable,131615,false,2
crystals,No-XP crystal,Dungeon5Destroyable10,Dungeon5,1253.69,231.84,CrystalDestroyable,131618,false,2
crystals,No-XP crystal,Dungeon5Destroyable11,Dungeon5,1250.37,231.34,CrystalDestroyable,131621,false,1
crystals,No-XP crystal,Dungeon5Destroyable12,Dungeon5,1253.89,231.34,CrystalDestroyable,131624,false,1
crystals,No-XP crystal,Dungeon5Destroyable13,Dungeon5,1260,229.68,CrystalDestroyable,131627,false,1
crystals,No-XP crystal,Dungeon5Destroyable14,Dungeon5,1252.37,231.34,CrystalDestroyable,131630,false,1
crystals,No-XP crystal,Dungeon5Destroyable15,Dungeon5,1255.71,234,CrystalDestroyable,131633,false,0
crystals,No-XP crystal,Dungeon5Destroyable16,Dungeon5,1253.62,233.64,CrystalDestroyable,131636,false,0
crystals,No-XP crystal,Dungeon5Destroyable17,Dungeon5,1255.37,233.46,CrystalDestroyable,131639,false,0
crystals,No-XP crystal,Dungeon5Destroyable18,Dungeon5,1253.69,233.84,CrystalDestroyable,131642,false,0
crystals,No-XP crystal,Dungeon5Destroyable19,Dungeon5,1255.49,233,CrystalDestroyable,131645,false,0
crystals,No-XP crystal,Dungeon5Destroyable20,Dungeon5,1252.96,232.04,CrystalDestroyable,131648,false,0
crystals,No-XP crystal,Dungeon5Destroyable21,Dungeon5,1255.01,230.47,CrystalDestroyable,131651,false,0
crystals,No-XP crystal,Dungeon5Destroyable22,Dungeon5,1257.82,229.51,CrystalDestroyable,131654,false,0
crystals,No-XP crystal,Dungeon5Destroyable23,Dungeon5,1260.85,230.17,CrystalDestroyable,131657,false,0
crystals,No-XP crystal,Dungeon5Destroyable24,Dungeon5,1258.37,231.17,CrystalDestroyable,131660,false,0
crystals,No-XP crystal,Dungeon5Destroyable25,Dungeon5,1252.75,230.64,CrystalDestroyable,131663,false,0
crystals,No-XP crystal,Dungeon5Destroyable26,Dungeon5,1253.61,234.44,CrystalDestroyable,131666,false,1
crystals,No-XP crystal,Dungeon5Destroyable27,Dungeon5,1252.28,228.03,CrystalDestroyable,131669,false,2
crystals,No-XP crystal,Dungeon5Destroyable28,Dungeon5,1255,226.68,CrystalDestroyable,131672,false,1
crystals,No-XP crystal,Dungeon5Destroyable29,Dungeon5,1258,227.68,CrystalDestroyable,131675,false,1
crystals,No-XP crystal,Dungeon5Destroyable30,Dungeon5,1257.87,232.96,CrystalDestroyable,131678,false,0
crystals,No-XP crystal,Dungeon5Destroyable31,Dungeon5,1257.91,227.16,CrystalDestroyable,131681,false,0
crystals,No-XP crystal,Dungeon5Destroyable32,Dungeon5,1252.94,234.23,CrystalDestroyable,131684,false,0
crystals,No-XP crystal,Dungeon5Destroyable33,Dungeon5,1397.29,-232.6,CrystalDestroyable,131687,false,1
crystals,No-XP crystal,Dungeon5Destroyable34,Dungeon5,1400.72,-239.21,CrystalDestroyable,131690,false,0
crystals,No-XP crystal,Dungeon5Destroyable35,Dungeon5,1399.42,-245.74,CrystalDestroyable,131693,false,2
crystals,No-XP crystal,Dungeon5Destroyable36,Dungeon5,1376.5,-232.76,CrystalDestroyable,131696,false,1
crystals,No-XP crystal,Dungeon5Destroyable37,Dungeon5,1382,-231,CrystalDestroyable,131699,false,1
crystals,No-XP crystal,Dungeon5Destroyable38,Dungeon5,1373,-239,CrystalDestroyable,131702,false,1
crystals,No-XP crystal,Dungeon5Destroyable39,Dungeon5,1377,-247,CrystalDestroyable,131705,false,1
crystals,No-XP crystal,Dungeon5Destroyable40,Dungeon5,1399,-235,CrystalDestroyable,131708,false,0
crystals,No-XP crystal,Dungeon5Destroyable41,Dungeon5,1400,-236,CrystalDestroyable,131711,false,0
crystals,No-XP crystal,Dungeon5Destroyable42,Dungeon5,1397,-246,CrystalDestroyable,131714,false,0
crystals,No-XP crystal,Dungeon5Destroyable43,Dungeon5,1400,-244,CrystalDestroyable,131717,false,0
crystals,No-XP crystal,Dungeon5Destroyable44,Dungeon5,1391,-250,CrystalDestroyable,131720,false,0
crystals,No-XP crystal,Dungeon5Destroyable45,Dungeon5,1388,-251,CrystalDestroyable,131723,false,0
crystals,No-XP crystal,Dungeon5Destroyable46,Dungeon5,1384,-250,CrystalDestroyable,131726,false,0
crystals,No-XP crystal,Dungeon5Destroyable47,Dungeon5,1376,-246,CrystalDestroyable,131729,false,0
crystals,No-XP crystal,Dungeon5Destroyable48,Dungeon5,1385,-251,CrystalDestroyable,131732,false,0
crystals,No-XP crystal,Dungeon5Destroyable49,Dungeon5,1380.57,-230.35,CrystalDestroyable,131735,false,0
crystals,No-XP crystal,Dungeon5Destroyable50,Dungeon5,1382.45,-232.14,CrystalDestroyable,131738,false,0
crystals,No-XP crystal,Dungeon5Destroyable51,Dungeon5,1438.84,-232.6,CrystalDestroyable,131741,false,1
crystals,No-XP crystal,Dungeon5Destroyable52,Dungeon5,1442.27,-239.21,CrystalDestroyable,131744,false,0
crystals,No-XP crystal,Dungeon5Destroyable53,Dungeon5,1440.97,-245.74,CrystalDestroyable,131747,false,2
crystals,No-XP crystal,Dungeon5Destroyable54,Dungeon5,1418.05,-232.76,CrystalDestroyable,131750,false,1
crystals,No-XP crystal,Dungeon5Destroyable55,Dungeon5,1423.55,-231,CrystalDestroyable,131753,false,1
crystals,No-XP crystal,Dungeon5Destroyable56,Dungeon5,1414.55,-239,CrystalDestroyable,131756,false,1
crystals,No-XP crystal,Dungeon5Destroyable57,Dungeon5,1418.55,-247,CrystalDestroyable,131759,false,1
crystals,No-XP crystal,Dungeon5Destroyable58,Dungeon5,1440.55,-235,CrystalDestroyable,131762,false,0
crystals,No-XP crystal,Dungeon5Destroyable59,Dungeon5,1441.55,-236,CrystalDestroyable,131765,false,0
crystals,No-XP crystal,Dungeon5Destroyable60,Dungeon5,1438.55,-246,CrystalDestroyable,131768,false,0
crystals,No-XP crystal,Dungeon5Destroyable61,Dungeon5,1441.55,-244,CrystalDestroyable,131771,false,0
crystals,No-XP crystal,Dungeon5Destroyable62,Dungeon5,1432.55,-250,CrystalDestroyable,131774,false,0
crystals,No-XP crystal,Dungeon5Destroyable63,Dungeon5,1429.55,-251,CrystalDestroyable,131777,false,0
crystals,No-XP crystal,Dungeon5Destroyable64,Dungeon5,1425.55,-250,CrystalDestroyable,131780,false,0
crystals,No-XP crystal,Dungeon5Destroyable65,Dungeon5,1417.55,-246,CrystalDestroyable,131783,false,0
crystals,No-XP crystal,Dungeon5Destroyable66,Dungeon5,1426.55,-251,CrystalDestroyable,131786,false,0
crystals,No-XP crystal,Dungeon5Destroyable67,Dungeon5,1422.12,-230.35,CrystalDestroyable,131789,false,0
crystals,No-XP crystal,Dungeon5Destroyable68,Dungeon5,1424,-232.14,CrystalDestroyable,131792,false,0
crystals,No-XP crystal,Dungeon5Destroyable69,Dungeon5,1426,-216,CrystalDestroyable,131795,false,0
crystals,No-XP crystal,Dungeon5Destroyable70,Dungeon5,1426,-210,CrystalDestroyable,131798,false,0
crystals,No-XP crystal,Dungeon5Destroyable71,Dungeon5,1432,-216,CrystalDestroyable,131801,false,0
crystals,No-XP crystal,Dungeon5Destroyable72,Dungeon5,1432,-210,CrystalDestroyable,131804,false,0
crystals,No-XP crystal,Dungeon5Destroyable73,Dungeon5,1427,-215,CrystalDestroyable,131807,false,1
crystals,No-XP crystal,Dungeon5Destroyable74,Dungeon5,1431,-215,CrystalDestroyable,131810,false,1
crystals,No-XP crystal,Dungeon5Destroyable75,Dungeon5,1431,-211,CrystalDestroyable,131813,false,1
crystals,No-XP crystal,Dungeon5Destroyable76,Dungeon5,1427,-211,CrystalDestroyable,131816,false,1
crystals,No-XP crystal,Dungeon5Destroyable77,Dungeon5,1384,-216,CrystalDestroyable,131819,false,0
crystals,No-XP crystal,Dungeon5Destroyable78,Dungeon5,1384,-210,CrystalDestroyable,131822,false,0
crystals,No-XP crystal,Dungeon5Destroyable79,Dungeon5,1390,-216,CrystalDestroyable,131825,false,0
crystals,No-XP crystal,Dungeon5Destroyable80,Dungeon5,1390,-210,CrystalDestroyable,131828,false,0
crystals,No-XP crystal,Dungeon5Destroyable81,Dungeon5,1385,-215,CrystalDestroyable,131831,false,1
crystals,No-XP crystal,Dungeon5Destroyable82,Dungeon5,1389,-215,CrystalDestroyable,131834,false,1
crystals,No-XP crystal,Dungeon5Destroyable83,Dungeon5,1389,-211,CrystalDestroyable,131837,false,1
crystals,No-XP crystal,Dungeon5Destroyable84,Dungeon5,1385,-211,CrystalDestroyable,131840,false,1
crystals,No-XP crystal,Dungeon5Destroyable85,Dungeon5,1252,-350,CrystalDestroyable,131843,false,0
crystals,No-XP crystal,Dungeon5Destroyable86,Dungeon5,1261.62,-346.12,CrystalDestroyable,131846,false,1
crystals,No-XP crystal,Dungeon5Destroyable87,Dungeon5,1260,-346,CrystalDestroyable,131849,false,2
crystals,No-XP crystal,Dungeon5Destroyable88,Dungeon5,1258.23,-378.35,CrystalDestroyable,131852,false,0
crystals,No-XP crystal,Dungeon5Destroyable89,Dungeon5,1259.11,-376.65,CrystalDestroyable,131855,false,1
crystals,No-XP crystal,Dungeon5Destroyable90,Dungeon5,1257.92,-377.14,CrystalDestroyable,131858,false,2
crystals,No-XP crystal,Dungeon5Destroyable91,Dungeon5,1259.9,-375.64,CrystalDestroyable,131861,false,2
crystals,No-XP crystal,Dungeon5Destroyable92,Dungeon5,1251.22,-376.75,CrystalDestroyable,131864,false,0
crystals,No-XP crystal,Dungeon5Destroyable93,Dungeon5,1252.82,-376.12,CrystalDestroyable,131867,false,0
crystals,No-XP crystal,Dungeon5Destroyable94,Dungeon5,1251.92,-376.25,CrystalDestroyable,131870,false,1
crystals,No-XP crystal,Dungeon5Destroyable95,Dungeon5,1252.92,-377.54,CrystalDestroyable,131873,false,0
crystals,No-XP crystal,Dungeon5Destroyable96,Dungeon5,1253.72,-376.89,CrystalDestroyable,131876,false,1
crystals,No-XP crystal,Dungeon5Destroyable97,Dungeon5,1254.19,-377.51,CrystalDestroyable,131879,false,0
crystals,No-XP crystal,Dungeon5Destroyable98,Dungeon5,1252.37,-371.4,CrystalDestroyable,131882,false,1
crystals,No-XP crystal,Dungeon5Destroyable99,Dungeon5,1250,-335,CrystalDestroyable,131885,false,2
crystals,No-XP crystal,Dungeon5Destroyable100,Dungeon5,1263.83,-286.5,CrystalDestroyable,131888,false,1
crystals,No-XP crystal,Dungeon5Destroyable101,Dungeon5,1260,-289.42,CrystalDestroyable,131891,false,1
crystals,No-XP crystal,Dungeon5Destroyable102,Dungeon5,1243.12,-288.83,CrystalDestroyable,131894,false,0
crystals,No-XP crystal,Dungeon5Destroyable103,Dungeon5,1261.84,-288.77,CrystalDestroyable,131897,false,2
crystals,No-XP crystal,Dungeon5Destroyable104,Dungeon5,1250.08,-289.64,CrystalDestroyable,131900,false,0
crystals,No-XP crystal,Dungeon5Destroyable105,Dungeon5,1247.83,-287.55,CrystalDestroyable,131903,false,0
crystals,No-XP crystal,Dungeon5Destroyable106,Dungeon5,1248.26,-289.2,CrystalDestroyable,131906,false,0
crystals,No-XP crystal,Dungeon5Destroyable107,Dungeon5,1260.63,-290.02,CrystalDestroyable,131909,false,0
crystals,No-XP crystal,Dungeon5Destroyable108,Dungeon5,1263.74,-288.04,CrystalDestroyable,131912,false,0
crystals,No-XP crystal,Dungeon5Destroyable109,Dungeon5,1263.81,-289.28,CrystalDestroyable,131915,false,0
crystals,No-XP crystal,Dungeon5Destroyable110,Dungeon5,1247.11,-287.12,CrystalDestroyable,131918,false,1
crystals,No-XP crystal,Dungeon5Destroyable111,Dungeon5,1263.94,-285.1,CrystalDestroyable,131921,false,0
crystals,No-XP crystal,Dungeon5Destroyable112,Dungeon5,1254.18,-399.32,CrystalDestroyable,131924,false,3
crystals,No-XP crystal,Dungeon5Destroyable113,Dungeon5,1255.71,-397.67,CrystalDestroyable,131927,false,3
crystals,No-XP crystal,Dungeon5Destroyable114,Dungeon5,1257.5,-398.03,CrystalDestroyable,131930,false,3
crystals,No-XP crystal,Dungeon5Destroyable115,Dungeon5,1254.88,-398.85,CrystalDestroyable,131933,false,2
crystals,No-XP crystal,Dungeon5Destroyable116,Dungeon5,1256.98,-398.08,CrystalDestroyable,131936,false,2
crystals,No-XP crystal,Dungeon5Destroyable117,Dungeon5,1254.86,-401,CrystalDestroyable,131939,false,0
crystals,No-XP crystal,Dungeon5Destroyable118,Dungeon5,1257.46,-403.6,CrystalDestroyable,131942,false,0
crystals,No-XP crystal,Dungeon5Destroyable119,Dungeon5,1255.98,-399.11,CrystalDestroyable,131945,false,1
crystals,No-XP crystal,Dungeon5Destroyable120,Dungeon5,1270,-347,CrystalDestroyable,131948,false,1
crystals,No-XP crystal,Dungeon5Destroyable121,Dungeon5,1250.44,-348.87,CrystalDestroyable,131951,false,0
crystals,No-XP crystal,Dungeon5Destroyable122,Dungeon5,1269.08,-348,CrystalDestroyable,131954,false,0
crystals,No-XP crystal,Dungeon5Destroyable123,Dungeon5,1262.22,-349.81,CrystalDestroyable,131957,false,0
crystals,No-XP crystal,Dungeon5Destroyable124,Dungeon5,1258.92,-340.21,CrystalDestroyable,131960,false,0
crystals,No-XP crystal,Dungeon5Destroyable125,Dungeon5,1254.37,-342.21,CrystalDestroyable,131963,false,0
crystals,No-XP crystal,Dungeon5Destroyable126,Dungeon5,1254.53,-100.35,CrystalDestroyable,131966,false,3
crystals,No-XP crystal,Dungeon5Destroyable127,Dungeon5,1253.7,-101.53,CrystalDestroyable,131969,false,2
crystals,No-XP crystal,Dungeon5Destroyable128,Dungeon5,1255.93,-101.4,CrystalDestroyable,131972,false,3
crystals,No-XP crystal,Dungeon5Destroyable129,Dungeon5,1255.8,-100.76,CrystalDestroyable,131975,false,2
crystals,No-XP crystal,Dungeon5Destroyable130,Dungeon5,1256,-105,CrystalDestroyable,131978,false,0
crystals,No-XP crystal,Dungeon5Destroyable131,Dungeon5,1255.53,232.52,CrystalDestroyable,131981,false,2
crystals,No-XP crystal,Dungeon5Destroyable132,Dungeon5,1253.68,-103.68,CrystalDestroyable,131984,false,0
crystals,No-XP crystal,Dungeon5Destroyable133,Dungeon5,1256.62,233.43,CrystalDestroyable,131987,false,0
crystals,No-XP crystal,Dungeon5Destroyable134,Dungeon5,1255,-103,CrystalDestroyable,131990,false,1
crystals,No-XP crystal,Dungeon5Destroyable135,Dungeon5,1254.93,234.39,CrystalDestroyable,131993,false,0
crystals,No-XP crystal,Dungeon5Destroyable136,Dungeon5,1257.42,233.91,CrystalDestroyable,131996,false,0
crystals,XP crystal,Temple1Destroyable0,Temple1,-702,-398.66,CrystalDestroyable,137191,true,0
crystals,XP crystal,Temple1Destroyable1,Temple1,-703,-397.87,CrystalDestroyable,137194,true,1
crystals,XP crystal,Temple1Destroyable2,Temple1,-736.07,-344,CrystalDestroyable,137197,true,0
crystals,XP crystal,Temple1Destroyable3,Temple1,-737,-342.37,CrystalDestroyable,137200,true,3
crystals,XP crystal,Temple1Destroyable4,Temple1,-738.07,-344,CrystalDestroyable,137203,true,0
crystals,XP crystal,Temple1Destroyable5,Temple1,-739.07,-342.98,CrystalDestroyable,137206,true,1
crystals,XP crystal,Temple1Destroyable6,Temple1,-735.07,-342.98,CrystalDestroyable,137209,true,1
crystals,XP crystal,Temple1Destroyable7,Temple1,-704,-398.66,CrystalDestroyable,137212,true,0
crystals,XP crystal,Temple1Destroyable8,Temple1,-737.07,-345,CrystalDestroyable,137215,true,0
crystals,XP crystal,Temple1Destroyable9,Temple1,-703,-399,CrystalDestroyable,137218,true,0
crystals,No-XP crystal,Temple1Destroyable10,Temple1,-707,-386,CrystalDestroyable,137221,false,0
crystals,No-XP crystal,Temple1Destroyable11,Temple1,-705,-388,CrystalDestroyable,137224,false,0
crystals,No-XP crystal,Temple1Destroyable12,Temple1,-699,-386,CrystalDestroyable,137227,false,0
crystals,No-XP crystal,Temple1Destroyable13,Temple1,-705,-384,CrystalDestroyable,137230,false,0
crystals,No-XP crystal,Temple1Destroyable14,Temple1,-701,-388,CrystalDestroyable,137233,false,0
crystals,No-XP crystal,Temple1Destroyable15,Temple1,-703,-388,CrystalDestroyable,137236,false,1
crystals,No-XP crystal,Temple1Destroyable16,Temple1,-703,-384,CrystalDestroyable,137239,false,1
crystals,No-XP crystal,Temple1Destroyable17,Temple1,-705,-386,CrystalDestroyable,137242,false,1
crystals,No-XP crystal,Temple1Destroyable18,Temple1,-703,-390,CrystalDestroyable,137245,false,0
crystals,No-XP crystal,Temple1Destroyable19,Temple1,-703,-382,CrystalDestroyable,137248,false,0
crystals,No-XP crystal,Temple1Destroyable20,Temple1,-701,-386,CrystalDestroyable,137251,false,1
crystals,No-XP crystal,Temple1Destroyable21,Temple1,-703,-386,CrystalDestroyable,137254,false,2
crystals,No-XP crystal,Temple1Destroyable22,Temple1,-701,-384,CrystalDestroyable,137257,false,0
crystals,XP crystal,Temple1Destroyable23,Temple1,-751.13,-381.63,CrystalDestroyable,137260,true,1
crystals,XP crystal,Temple1Destroyable24,Temple1,-750.23,-381.51,CrystalDestroyable,137263,true,0
crystals,XP crystal,Temple1Destroyable25,Temple1,-751.67,-380.89,CrystalDestroyable,137266,true,0
crystals,No-XP crystal,Temple2Destroyable0,Temple2,-568.74,-484.34,CrystalDestroyable,140562,false,3
crystals,No-XP crystal,Temple2Destroyable1,Temple2,-567.15,-484.34,CrystalDestroyable,140565,false,3
crystals,XP crystal,Temple2Destroyable2,Temple2,-510,-430,CrystalDestroyable,140568,true,0
crystals,No-XP crystal,Temple2Destroyable3,Temple2,-566,-485.4,CrystalDestroyable,140571,false,0
crystals,XP crystal,Temple2Destroyable4,Temple2,-509,-429,CrystalDestroyable,140574,true,0
crystals,No-XP crystal,Temple2Destroyable5,Temple2,-569.68,-485.55,CrystalDestroyable,140577,false,0
crystals,No-XP crystal,Temple2Destroyable6,Temple2,-565.6,-484.55,CrystalDestroyable,140580,false,0
crystals,No-XP crystal,Temple2Destroyable7,Temple2,-570.1,-484.65,CrystalDestroyable,140583,false,1
crystals,No-XP crystal,Temple2Destroyable8,Temple2,-568.02,-485.61,CrystalDestroyable,140586,false,0
crystals,XP crystal,Temple2Destroyable9,Temple2,-507,-429,CrystalDestroyable,140589,true,0
crystals,XP crystal,Temple2Destroyable10,Temple2,-505,-431,CrystalDestroyable,140592,true,0
crystals,XP crystal,Temple2Destroyable11,Temple2,-507,-431,CrystalDestroyable,140595,true,0
crystals,No-XP crystal,Temple2Destroyable12,Temple2,-546,-455,CrystalDestroyable,140598,false,0
crystals,No-XP crystal,Temple2Destroyable13,Temple2,-545.56,-453.29,CrystalDestroyable,140601,false,1
crystals,No-XP crystal,Temple2Destroyable14,Temple2,-546,-446,CrystalDestroyable,140604,false,1
crystals,XP crystal,Temple2Destroyable15,Temple2,-508,-430,CrystalDestroyable,140607,true,0
crystals,XP crystal,Temple2Destroyable16,Temple2,-509,-431,CrystalDestroyable,140610,true,0
crystals,XP crystal,Temple2Destroyable17,Temple2,-504,-430,CrystalDestroyable,140613,true,0
crystals,XP crystal,Temple2Destroyable18,Temple2,-505,-429,CrystalDestroyable,140616,true,0
crystals,XP crystal,Temple2Destroyable19,Temple2,-506,-432,CrystalDestroyable,140619,true,0
crystals,XP crystal,Temple2Destroyable20,Temple2,-506,-428,CrystalDestroyable,140622,true,0
crystals,XP crystal,Temple2Destroyable21,Temple2,-508,-428,CrystalDestroyable,140625,true,0
crystals,XP crystal,Temple2Destroyable22,Temple2,-508,-432,CrystalDestroyable,140628,true,0
crystals,XP crystal,Temple2Destroyable23,Temple2,-503,-431,CrystalDestroyable,140631,true,0
crystals,XP crystal,Temple2Destroyable24,Temple2,-503,-429,CrystalDestroyable,140634,true,0
crystals,XP crystal,Temple2Destroyable25,Temple2,-504,-432,CrystalDestroyable,140637,true,0
crystals,XP crystal,Temple2Destroyable26,Temple2,-504,-428,CrystalDestroyable,140640,true,0
crystals,XP crystal,Temple2Destroyable27,Temple2,-502,-430,CrystalDestroyable,140643,true,0
crystals,No-XP crystal,Temple2Destroyable28,Temple2,-528.04,-414.79,CrystalDestroyable,140646,false,3
crystals,No-XP crystal,Temple2Destroyable29,Temple2,-539.84,-405.5,CrystalDestroyable,140649,false,0
crystals,No-XP crystal,Temple2Destroyable30,Temple2,-534.65,-410.51,CrystalDestroyable,140652,false,0
crystals,No-XP crystal,Temple2Destroyable31,Temple2,-535.05,-411.36,CrystalDestroyable,140655,false,0
crystals,No-XP crystal,Temple2Destroyable32,Temple2,-545.58,-403.9,CrystalDestroyable,140658,false,2
crystals,No-XP crystal,Temple2Destroyable33,Temple2,-541.87,-404.24,CrystalDestroyable,140661,false,1
crystals,No-XP crystal,Temple2Destroyable34,Temple2,-543.33,-403.71,CrystalDestroyable,140664,false,0
crystals,No-XP crystal,Temple2Destroyable35,Temple2,-537.07,-411.57,CrystalDestroyable,140667,false,0
crystals,No-XP crystal,Temple2Destroyable36,Temple2,-543.92,-407.02,CrystalDestroyable,140670,false,0
crystals,No-XP crystal,Temple2Destroyable37,Temple2,-529.23,-416.11,CrystalDestroyable,140673,false,0
crystals,No-XP crystal,Temple2Destroyable38,Temple2,-525.96,-413.59,CrystalDestroyable,140676,false,0
crystals,No-XP crystal,Temple2Destroyable39,Temple2,-530.22,-414.13,CrystalDestroyable,140679,false,1
crystals,No-XP crystal,Temple2Destroyable40,Temple2,-529.07,-406.3,CrystalDestroyable,140682,false,2
crystals,No-XP crystal,Temple2Destroyable41,Temple2,-542.1,-414.58,CrystalDestroyable,140685,false,1
crystals,No-XP crystal,Temple2Destroyable42,Temple2,-525.14,-409.94,CrystalDestroyable,140688,false,1
crystals,No-XP crystal,Temple2Destroyable43,Temple2,-529.73,-407.99,CrystalDestroyable,140691,false,0
crystals,No-XP crystal,Temple2Destroyable44,Temple2,-536.63,-410.08,CrystalDestroyable,140694,false,2
crystals,No-XP crystal,Temple2Destroyable45,Temple2,-544.03,-412.48,CrystalDestroyable,140697,false,0
crystals,No-XP crystal,Temple2Destroyable46,Temple2,-541.05,-413.28,CrystalDestroyable,140700,false,0
crystals,No-XP crystal,Temple2Destroyable47,Temple2,-539.93,-410.92,CrystalDestroyable,140703,false,0
crystals,XP crystal,Temple2Destroyable48,Temple2,-506,-430,CrystalDestroyable,140706,true,2
crystals,XP crystal,Temple2Destroyable49,Temple2,-506,-426,CrystalDestroyable,140709,true,0
crystals,XP crystal,Temple2Destroyable50,Temple2,-506,-434,CrystalDestroyable,140712,true,0
crystals,XP crystal,Temple2Destroyable51,Temple2,-507,-433,CrystalDestroyable,140715,true,0
crystals,XP crystal,Temple2Destroyable52,Temple2,-505,-433,CrystalDestroyable,140718,true,0
crystals,XP crystal,Temple2Destroyable53,Temple2,-507,-427,CrystalDestroyable,140721,true,0
crystals,XP crystal,Temple2Destroyable54,Temple2,-505,-427,CrystalDestroyable,140724,true,0
crystals,XP crystal,Temple3Destroyable0,Temple3,-805.24,-654.71,CrystalDestroyable,149376,true,0
crystals,XP crystal,Temple3Destroyable1,Temple3,-858.55,-650,CrystalDestroyable,149379,true,0
crystals,XP crystal,Temple3Destroyable2,Temple3,-853.6,-650,CrystalDestroyable,149382,true,0
crystals,XP crystal,Temple3Destroyable3,Temple3,-822.4,-635.88,CrystalDestroyable,149385,true,2
crystals,XP crystal,Temple3Destroyable4,Temple3,-823.27,-635.26,CrystalDestroyable,149388,true,0
crystals,XP crystal,Temple3Destroyable5,Temple3,-821.56,-635.28,CrystalDestroyable,149391,true,0
crystals,XP crystal,Temple3Destroyable6,Temple3,-823.19,-636.72,CrystalDestroyable,149394,true,0
crystals,XP crystal,Temple3Destroyable7,Temple3,-821.56,-636.66,CrystalDestroyable,149397,true,0
crystals,No-XP crystal,TowerDestroyable0,Tower,161.91,-335.98,CrystalDestroyable,154050,false,0
crystals,No-XP crystal,TowerDestroyable1,Tower,160.85,-335.74,CrystalDestroyable,154053,false,1
crystals,No-XP crystal,TowerDestroyable2,Tower,160,-334.92,CrystalDestroyable,154056,false,2
crystals,No-XP crystal,TowerDestroyable3,Tower,164,-334.92,CrystalDestroyable,154059,false,2
crystals,No-XP crystal,TowerDestroyable4,Tower,163.19,-335.69,CrystalDestroyable,154062,false,1
crystals,XP crystal,TowerDestroyable5,Tower,-249,-440.74,CrystalDestroyable,154065,true,3
crystals,XP crystal,TowerDestroyable6,Tower,-248.37,-439.33,CrystalDestroyable,154068,true,1
crystals,XP crystal,TowerDestroyable7,Tower,-249.64,-437.45,CrystalDestroyable,154071,true,0
crystals,XP crystal,TowerDestroyable8,Tower,-248.33,-438.19,CrystalDestroyable,154074,true,0
crystals,XP crystal,TowerDestroyable9,Tower,-250.07,-439.9,CrystalDestroyable,154077,true,0
crystals,No-XP crystal,TowerDestroyable10,Tower,84,-332.99,CrystalDestroyable,154080,false,2
crystals,No-XP crystal,TowerDestroyable11,Tower,6,-333.34,CrystalDestroyable,154083,false,2
crystals,No-XP crystal,TowerDestroyable12,Tower,84.97,-333.74,CrystalDestroyable,154086,false,1
crystals,No-XP crystal,TowerDestroyable13,Tower,82.94,-333.9,CrystalDestroyable,154089,false,1
crystals,No-XP crystal,TowerDestroyable14,Tower,81.92,-334.2,CrystalDestroyable,154092,false,0
crystals,No-XP crystal,TowerDestroyable15,Tower,85.97,-336.51,CrystalDestroyable,154095,false,0
crystals,No-XP crystal,TowerDestroyable16,Tower,85.56,-334.51,CrystalDestroyable,154098,false,0
crystals,No-XP crystal,TowerDestroyable17,Tower,86.41,-336.11,CrystalDestroyable,154101,false,0
crystals,No-XP crystal,TowerDestroyable18,Tower,4.44,-334.4,CrystalDestroyable,154104,false,2
crystals,No-XP crystal,TowerDestroyable19,Tower,4.55,-336.11,CrystalDestroyable,154107,false,1
crystals,No-XP crystal,TowerDestroyable20,Tower,6.83,-336.4,CrystalDestroyable,154110,false,0
crystals,No-XP crystal,TowerDestroyable21,Tower,3.86,-336.57,CrystalDestroyable,154113,false,0
crystals,No-XP crystal,TowerDestroyable22,Tower,4.03,-335.05,CrystalDestroyable,154116,false,0
crystals,No-XP crystal,TowerDestroyable23,Tower,7.26,-334.46,CrystalDestroyable,154119,false,0
crystals,No-XP crystal,TowerDestroyable24,Tower,7.94,-334.96,CrystalDestroyable,154122,false,0
crystals,No-XP crystal,TowerDestroyable25,Tower,7.94,-334.39,CrystalDestroyable,154125,false,0
crystals,No-XP crystal,TowerDestroyable26,Tower,7.46,-335.99,CrystalDestroyable,154128,false,0
crystals,No-XP crystal,TowerDestroyable27,Tower,162.03,-334.46,CrystalDestroyable,154138,false,2
crystals,No-XP crystal,TowerDestroyable28,Tower,84,-334.94,CrystalDestroyable,154148,false,2
crystals,No-XP crystal,TowerDestroyable29,Tower,6,-334.94,CrystalDestroyable,154158,false,2